N,DTA_Type,VCOST
1,99,10
2,99,10
3,99,10
4,99,10
5,99,10
6,99,10
7,99,10
8,99,10
9,99,10
10,99,10
11,99,10
12,99,10
13,99,10
14,99,10
15,99,10
16,99,10
17,99,10
18,99,10
19,99,10
20,99,10
21,99,10
22,99,10
23,99,10
24,99,10
25,99,10
26,99,10
27,99,10
28,99,10
29,99,10
30,99,10
31,99,10
32,99,10
33,99,10
34,99,10
35,99,10
36,99,10
37,99,10
38,99,10
39,99,10
40,99,10
41,99,10
42,99,10
43,99,10
44,99,10
45,99,10
46,99,10
47,99,10
48,99,10
49,99,10
50,99,10
51,99,10
52,99,10
53,99,10
54,99,10
55,99,10
56,99,10
57,99,10
58,99,10
59,99,10
60,99,10
61,99,10
62,99,10
63,99,10
64,99,10
65,99,10
66,99,10
67,99,10
68,99,10
69,99,10
70,99,10
71,99,10
72,99,10
73,99,10
74,99,10
75,99,10
76,99,10
77,99,10
78,99,10
79,99,10
80,99,10
81,99,10
82,99,10
83,99,10
84,99,10
85,99,10
86,99,10
87,99,10
88,99,10
89,99,10
90,99,10
91,99,10
92,99,10
93,99,10
94,99,10
95,99,10
96,99,10
97,99,10
98,99,10
99,99,10
100,99,10
101,99,10
102,99,10
103,99,10
104,99,10
105,99,10
106,99,10
107,99,10
108,99,10
109,99,10
110,99,10
111,99,10
112,99,10
113,99,10
114,99,10
115,99,10
116,99,10
117,99,10
118,99,10
119,99,10
120,99,10
121,99,10
122,99,10
123,99,10
124,99,10
125,99,10
126,99,10
127,99,10
128,99,10
129,99,10
130,99,10
131,99,10
132,99,10
133,99,10
134,99,10
135,99,10
136,99,10
137,99,10
138,99,10
139,99,10
140,99,10
141,99,10
142,99,10
143,99,10
144,99,10
145,99,10
146,99,10
147,99,10
148,99,10
149,99,10
150,99,10
151,99,10
152,99,10
153,99,10
154,99,10
155,99,10
156,99,10
157,99,10
158,99,10
159,99,10
160,99,10
161,99,10
162,99,10
163,99,10
164,99,10
165,99,10
166,99,10
167,99,10
168,99,10
169,99,10
170,99,10
171,99,10
172,99,10
173,99,10
174,99,10
175,99,10
176,99,10
177,99,10
178,99,10
179,99,10
180,99,10
181,99,10
182,99,10
183,99,10
184,99,10
185,99,10
186,99,10
187,99,10
188,99,10
189,99,10
190,99,10
191,99,10
192,99,10
193,99,10
194,99,10
195,99,10
196,99,10
197,99,10
198,99,10
199,99,10
200,99,10
201,99,10
202,99,10
203,99,10
204,99,10
205,99,10
206,99,10
207,99,10
208,99,10
209,99,10
210,99,10
211,99,10
212,99,10
213,99,10
214,99,10
215,99,10
216,99,10
217,99,10
218,99,10
219,99,10
220,99,10
221,99,10
222,99,10
223,99,10
224,99,10
225,99,10
226,99,10
227,99,10
228,99,10
229,99,10
12004,0,0
12036,0,0
12038,0,0
12056,0,0
12058,0,0
12069,0,0
12073,0,0
12082,0,0
12084,0,0
12085,0,0
12089,0,0
12093,0,0
12097,0,0
12101,0,0
12105,0,0
12112,0,0
12116,0,0
12118,0,0
12123,0,0
12141,0,0
12145,0,0
12147,0,0
12148,0,0
12154,0,0
12164,0,0
12171,0,0
12174,0,0
12176,0,0
12177,0,0
12182,0,0
12190,0,0
12194,0,0
12197,0,0
12200,0,0
12201,0,0
12212,0,0
12216,0,0
12221,0,0
12225,0,0
12228,0,0
12229,0,0
12230,0,0
12232,0,0
12233,0,0
12234,0,0
12236,0,0
12238,0,0
12239,0,0
12240,0,0
12242,0,0
12243,0,0
12244,0,0
12246,0,0
12248,0,0
12250,0,0
12251,0,0
12254,0,0
12302,0,0
12311,0,0
12323,0,0
12330,0,0
12332,0,0
12335,0,0
12339,0,0
12343,0,0
12347,0,0
12372,0,0
12374,0,0
12376,0,0
12378,0,0
12380,0,0
12382,0,0
12383,0,0
12384,0,0
12386,0,0
12389,0,0
12390,0,0
12391,0,0
12407,0,0
12411,0,0
12421,0,0
12427,0,0
12433,0,0
12445,0,0
12449,0,0
12453,0,0
12457,0,0
12461,0,0
12465,0,0
12469,0,0
12473,0,0
12496,0,0
12498,0,0
12500,0,0
12514,0,0
12520,0,0
12526,0,0
12530,0,0
12532,0,0
12535,0,0
12540,0,0
12583,0,0
12616,0,0
12669,0,0
12673,0,0
12677,0,0
12679,0,0
12681,0,0
12685,0,0
12689,0,0
12695,0,0
12699,0,0
12707,0,0
12709,0,0
12713,0,0
12715,0,0
12717,0,0
12721,0,0
12725,0,0
12729,0,0
12731,0,0
12733,0,0
12737,0,0
12740,0,0
12741,0,0
12745,0,0
12749,0,0
12750,0,0
12753,0,0
12754,0,0
12757,0,0
12761,0,0
12762,0,0
12764,0,0
12765,0,0
12768,0,0
12769,0,0
12770,0,0
12772,0,0
12773,0,0
12776,0,0
12777,0,0
12778,0,0
12786,0,0
12814,0,0
12826,0,0
12828,0,0
12844,0,0
12873,0,0
12881,0,0
12887,0,0
12911,0,0
12932,0,0
12939,0,0
12942,0,0
12944,0,0
12951,0,0
12953,0,0
12955,0,0
12957,0,0
12963,0,0
12971,0,0
12975,0,0
13003,0,0
13004,0,0
13006,0,0
13007,0,0
13008,0,0
13012,0,0
13015,0,0
13018,0,0
13019,0,0
13020,0,0
13022,0,0
13027,0,0
13038,0,0
13039,0,0
13040,0,0
13042,0,0
13043,0,0
13044,0,0
13047,0,0
13050,0,0
13051,0,0
13059,0,0
13063,0,0
13067,0,0
13068,0,0
13071,0,0
13072,0,0
13075,0,0
13080,0,0
13082,0,0
13087,0,0
13091,0,0
13108,0,0
13116,0,0
13118,0,0
13122,0,0
13126,0,0
13127,0,0
13162,0,0
13167,0,0
13214,0,0
13232,0,0
13234,0,0
13242,0,0
13244,0,0
13248,0,0
13249,0,0
13250,0,0
13269,0,0
13270,0,0
13315,0,0
13327,0,0
13331,0,0
13343,0,0
13351,0,0
13354,0,0
13358,0,0
13363,0,0
13371,0,0
13379,0,0
13383,0,0
13386,0,0
13387,0,0
13388,0,0
13390,0,0
13392,0,0
13394,0,0
13396,0,0
13398,0,0
13402,0,0
13406,0,0
13408,0,0
13415,0,0
13419,0,0
13426,0,0
13449,0,0
13451,0,0
13453,0,0
13456,0,0
13460,0,0
13476,0,0
13478,0,0
13481,0,0
13486,0,0
13488,0,0
13490,0,0
13496,0,0
13498,0,0
13501,0,0
13502,0,0
13504,0,0
13505,0,0
13506,0,0
13510,0,0
13512,0,0
13514,0,0
13516,0,0
13518,0,0
13540,0,0
13542,0,0
13547,0,0
13559,0,0
13561,0,0
13563,0,0
13567,0,0
13571,0,0
13579,0,0
13588,0,0
13598,0,0
13600,0,0
13604,0,0
13607,0,0
13610,0,0
13612,0,0
13616,0,0
13626,0,0
13636,0,0
13640,0,0
13646,0,0
13768,0,0
13827,0,0
13831,0,0
13832,0,0
13834,0,0
13836,0,0
13838,0,0
13839,0,0
13840,0,0
13843,0,0
13844,0,0
13899,0,0
13915,0,0
13990,0,0
14041,0,0
14097,0,0
14119,0,0
14191,0,0
14209,0,0
14215,0,0
14239,0,0
14241,0,0
14247,0,0
14249,0,0
14269,0,0
14273,0,0
14277,0,0
14279,0,0
14281,0,0
14283,0,0
14315,0,0
14331,0,0
14337,0,0
14339,0,0
14341,0,0
14343,0,0
14347,0,0
14529,0,0
14537,0,0
14551,0,0
14557,0,0
14563,0,0
14565,0,0
14567,0,0
14569,0,0
14575,0,0
14582,0,0
14593,0,0
14597,0,0
14613,0,0
14621,0,0
14623,0,0
14641,0,0
14644,0,0
14645,0,0
14646,0,0
14648,0,0
14651,0,0
14652,0,0
14654,0,0
14656,0,0
14657,0,0
14659,0,0
14663,0,0
14667,0,0
14669,0,0
14671,0,0
14675,0,0
14679,0,0
14681,0,0
14685,0,0
14693,0,0
14695,0,0
14701,0,0
14703,0,0
14709,0,0
14861,0,0
14867,0,0
14869,0,0
14875,0,0
14877,0,0
14883,0,0
14919,0,0
14923,0,0
15004,0,0
15009,0,0
15025,0,0
15089,0,0
15093,0,0
15095,0,0
15097,0,0
15101,0,0
15120,0,0
15141,0,0
15147,0,0
15169,0,0
15171,0,0
15172,0,0
15175,0,0
15177,0,0
15183,0,0
15205,0,0
15209,0,0
15221,0,0
15273,0,0
15274,0,0
15277,0,0
15279,0,0
15281,0,0
15285,0,0
15388,0,0
15390,0,0
15403,0,0
15405,0,0
15407,0,0
15411,0,0
15413,0,0
15419,0,0
15469,0,0
15473,0,0
15475,0,0
15477,0,0
15483,0,0
15504,0,0
15506,0,0
15508,0,0
15510,0,0
15512,0,0
15514,0,0
15528,0,0
15530,0,0
15532,0,0
15553,0,0
15557,0,0
15565,0,0
15573,0,0
15651,0,0
15653,0,0
15657,0,0
15659,0,0
15661,0,0
15663,0,0
15667,0,0
15669,0,0
15673,0,0
15675,0,0
15677,0,0
15679,0,0
15681,0,0
15697,0,0
15699,0,0
15701,0,0
15743,0,0
15745,0,0
15747,0,0
15749,0,0
15751,0,0
15755,0,0
15987,0,0
15993,0,0
15997,0,0
15999,0,0
16003,0,0
16004,0,0
16005,0,0
16007,0,0
16008,0,0
16010,0,0
16023,0,0
16035,0,0
16037,0,0
16044,0,0
16047,0,0
16048,0,0
16050,0,0
16051,0,0
16054,0,0
16056,0,0
16063,0,0
16065,0,0
16081,0,0
16087,0,0
16089,0,0
16091,0,0
16093,0,0
16165,0,0
16167,0,0
16169,0,0
16171,0,0
16173,0,0
16177,0,0
16345,0,0
16347,0,0
16349,0,0
16351,0,0
16357,0,0
16505,0,0
16507,0,0
16509,0,0
16529,0,0
16533,0,0
16537,0,0
16542,0,0
16545,0,0
16549,0,0
16553,0,0
16557,0,0
16559,0,0
16565,0,0
16567,0,0
16579,0,0
16589,0,0
16713,0,0
16719,0,0
16721,0,0
16723,0,0
16729,0,0
16733,0,0
16759,0,0
16778,0,0
16780,0,0
16804,0,0
16879,0,0
16907,0,0
16909,0,0
16911,0,0
16913,0,0
16915,0,0
16917,0,0
16919,0,0
16921,0,0
16923,0,0
16925,0,0
16927,0,0
16937,0,0
16939,0,0
16941,0,0
16943,0,0
16945,0,0
16947,0,0
16953,0,0
16955,0,0
16957,0,0
16959,0,0
16965,0,0
16967,0,0
16969,0,0
16971,0,0
16973,0,0
16975,0,0
16977,0,0
16979,0,0
16983,0,0
16989,0,0
16991,0,0
16993,0,0
16995,0,0
17005,0,0
17009,0,0
17011,0,0
17017,0,0
17019,0,0
17021,0,0
17025,0,0
17027,0,0
17029,0,0
17031,0,0
17037,0,0
17039,0,0
17041,0,0
17042,0,0
17043,0,0
17049,0,0
17051,0,0
17053,0,0
17055,0,0
17057,0,0
17059,0,0
17065,0,0
17067,0,0
17069,0,0
17071,0,0
17073,0,0
17075,0,0
17077,0,0
17079,0,0
17081,0,0
17083,0,0
17089,0,0
17091,0,0
17093,0,0
17101,0,0
17111,0,0
17113,0,0
17115,0,0
17117,0,0
17127,0,0
17129,0,0
17131,0,0
17133,0,0
17147,0,0
17149,0,0
17151,0,0
17153,0,0
17155,0,0
17157,0,0
17163,0,0
17165,0,0
17167,0,0
17169,0,0
17171,0,0
17173,0,0
17175,0,0
17177,0,0
17179,0,0
17181,0,0
17183,0,0
17185,0,0
17187,0,0
17189,0,0
17191,0,0
17193,0,0
17195,0,0
17197,0,0
17199,0,0
17201,0,0
17203,0,0
17205,0,0
17207,0,0
17209,0,0
17211,0,0
17213,0,0
17215,0,0
17217,0,0
17219,0,0
17221,0,0
17223,0,0
17225,0,0
17227,0,0
17229,0,0
17235,0,0
17237,0,0
17239,0,0
17241,0,0
17243,0,0
17245,0,0
17247,0,0
17249,0,0
17251,0,0
17253,0,0
17255,0,0
17257,0,0
17263,0,0
17265,0,0
17267,0,0
17269,0,0
17271,0,0
17273,0,0
17275,0,0
17277,0,0
17279,0,0
17281,0,0
17283,0,0
17285,0,0
17287,0,0
17289,0,0
17291,0,0
17293,0,0
17295,0,0
17297,0,0
17299,0,0
17301,0,0
17303,0,0
17305,0,0
17307,0,0
17309,0,0
17311,0,0
17313,0,0
17315,0,0
17317,0,0
17319,0,0
17321,0,0
17323,0,0
17325,0,0
17327,0,0
17329,0,0
17333,0,0
17335,0,0
17337,0,0
17339,0,0
17341,0,0
17343,0,0
17345,0,0
17347,0,0
17349,0,0
17351,0,0
17353,0,0
17355,0,0
17357,0,0
17359,0,0
17361,0,0
17363,0,0
17365,0,0
17371,0,0
17373,0,0
17375,0,0
17377,0,0
17379,0,0
17381,0,0
17387,0,0
17389,0,0
17391,0,0
17393,0,0
17395,0,0
17397,0,0
17737,0,0
17739,0,0
17741,0,0
17767,0,0
17769,0,0
17771,0,0
17773,0,0
17775,0,0
17777,0,0
17779,0,0
17935,0,0
17958,0,0
17960,0,0
18031,0,0
18035,0,0
18037,0,0
18059,0,0
18061,0,0
18069,0,0
18071,0,0
18073,0,0
18077,0,0
18149,0,0
18269,0,0
18345,0,0
18399,0,0
18413,0,0
18419,0,0
18441,0,0
18535,0,0
18559,0,0
18625,0,0
18632,0,0
18634,0,0
18671,0,0
18673,0,0
18911,0,0
18913,0,0
18921,0,0
18950,0,0
18952,0,0
18999,0,0
19110,0,0
19111,0,0
19113,0,0
19123,0,0
19136,0,0
19137,0,0
19229,0,0
19230,0,0
19232,0,0
19289,0,0
19292,0,0
19309,0,0
19318,0,0
19345,0,0
19346,0,0
19347,0,0
19348,0,0
20004,0,0
20005,0,0
20006,0,0
20014,0,0
20015,0,0
20016,0,0
20017,0,0
20021,0,0
20023,0,0
20026,0,0
20027,0,0
20029,0,0
20031,0,0
20032,0,0
20033,0,0
20034,0,0
20041,0,0
20042,0,0
20043,0,0
20045,0,0
20048,0,0
20049,0,0
20050,0,0
20052,0,0
20053,0,0
20054,0,0
20055,0,0
20058,0,0
20059,0,0
20061,0,0
20062,0,0
20063,0,0
20064,0,0
20065,0,0
20066,0,0
20067,0,0
20068,0,0
20069,0,0
20070,0,0
20071,0,0
20072,0,0
20074,0,0
20075,0,0
20077,0,0
20082,0,0
20089,0,0
20096,0,0
20101,0,0
20102,0,0
20105,0,0
20110,0,0
20111,0,0
20112,0,0
20113,0,0
20118,0,0
20123,0,0
20124,0,0
20129,0,0
20131,0,0
20132,0,0
20133,0,0
20135,0,0
20139,0,0
20142,0,0
20145,0,0
20146,0,0
20147,0,0
20148,0,0
20162,0,0
20163,0,0
20166,0,0
20167,0,0
20168,0,0
20172,0,0
20173,0,0
20174,0,0
20175,0,0
20176,0,0
20177,0,0
20178,0,0
20179,0,0
20180,0,0
20181,0,0
20196,0,0
20202,0,0
20215,0,0
20216,0,0
20231,0,0
20232,0,0
20235,0,0
20236,0,0
20239,0,0
20250,0,0
20264,0,0
20266,0,0
20274,0,0
20276,0,0
20277,0,0
20278,0,0
20279,0,0
20280,0,0
20281,0,0
20282,0,0
20284,0,0
20285,0,0
20286,0,0
20287,0,0
20298,0,0
20334,0,0
20346,0,0
20348,0,0
20349,0,0
20355,0,0
20356,0,0
20359,0,0
20360,0,0
20371,0,0
20380,0,0
20381,0,0
20384,0,0
20385,0,0
20386,0,0
20398,0,0
20414,0,0
20424,0,0
20427,0,0
20428,0,0
20431,0,0
20436,0,0
20453,0,0
20462,0,0
20476,0,0
20482,0,0
20483,0,0
20498,0,0
20499,0,0
20504,0,0
20508,0,0
20698,0,0
20711,0,0
20715,0,0
20716,0,0
20717,0,0
20718,0,0
20719,0,0
21004,0,0
21006,0,0
21008,0,0
21010,0,0
21012,0,0
21018,0,0
21020,0,0
21022,0,0
21024,0,0
21030,0,0
21034,0,0
21036,0,0
21038,0,0
21039,0,0
21040,0,0
21042,0,0
21044,0,0
21046,0,0
21047,0,0
21048,0,0
21050,0,0
21051,0,0
21052,0,0
21053,0,0
21054,0,0
21056,0,0
21058,0,0
21062,0,0
21064,0,0
21066,0,0
21070,0,0
21071,0,0
21072,0,0
21073,0,0
21074,0,0
21075,0,0
21081,0,0
21083,0,0
21089,0,0
21090,0,0
21092,0,0
21094,0,0
21096,0,0
21098,0,0
21100,0,0
21103,0,0
21104,0,0
21106,0,0
21107,0,0
21108,0,0
21113,0,0
21114,0,0
21116,0,0
21117,0,0
21120,0,0
21122,0,0
21124,0,0
21127,0,0
21129,0,0
21132,0,0
21134,0,0
21135,0,0
21136,0,0
21138,0,0
21139,0,0
21140,0,0
21141,0,0
21143,0,0
21144,0,0
21145,0,0
21151,0,0
21154,0,0
21165,0,0
21167,0,0
21169,0,0
21171,0,0
21172,0,0
21173,0,0
21174,0,0
21177,0,0
21178,0,0
21179,0,0
21180,0,0
21183,0,0
21184,0,0
21185,0,0
21186,0,0
21188,0,0
21190,0,0
21195,0,0
21196,0,0
21199,0,0
21202,0,0
21204,0,0
21208,0,0
21210,0,0
21212,0,0
21213,0,0
21214,0,0
21215,0,0
21216,0,0
21217,0,0
21218,0,0
21219,0,0
21220,0,0
21223,0,0
21224,0,0
21225,0,0
21226,0,0
21232,0,0
21233,0,0
21234,0,0
21235,0,0
21236,0,0
21238,0,0
21239,0,0
21244,0,0
21246,0,0
21248,0,0
21250,0,0
21251,0,0
21252,0,0
21254,0,0
21255,0,0
21256,0,0
21258,0,0
21260,0,0
21261,0,0
21262,0,0
21264,0,0
21265,0,0
21266,0,0
21267,0,0
21268,0,0
21270,0,0
21272,0,0
21273,0,0
21274,0,0
21275,0,0
21276,0,0
21277,0,0
21278,0,0
21279,0,0
21280,0,0
21281,0,0
21282,0,0
21284,0,0
21285,0,0
21286,0,0
21288,0,0
21289,0,0
21291,0,0
21292,0,0
21293,0,0
21294,0,0
21296,0,0
21298,0,0
21300,0,0
21301,0,0
21302,0,0
21303,0,0
21304,0,0
21305,0,0
21306,0,0
21308,0,0
21310,0,0
21316,0,0
21318,0,0
21321,0,0
21328,0,0
21329,0,0
21330,0,0
21331,0,0
21342,0,0
21344,0,0
21346,0,0
21350,0,0
21352,0,0
21363,0,0
21364,0,0
21366,0,0
21367,0,0
21368,0,0
21377,0,0
21378,0,0
21387,0,0
21388,0,0
21389,0,0
21391,0,0
21396,0,0
21397,0,0
21399,0,0
21401,0,0
21403,0,0
21404,0,0
21405,0,0
21421,0,0
21435,0,0
21448,0,0
21450,0,0
21453,0,0
21455,0,0
21457,0,0
21459,0,0
21462,0,0
21463,0,0
21464,0,0
21465,0,0
21466,0,0
21467,0,0
21468,0,0
21469,0,0
21470,0,0
21471,0,0
21472,0,0
21473,0,0
21474,0,0
21475,0,0
21476,0,0
21477,0,0
21479,0,0
21480,0,0
21487,0,0
21488,0,0
21491,0,0
21492,0,0
21497,0,0
21498,0,0
21501,0,0
21508,0,0
21514,0,0
21516,0,0
21532,0,0
21534,0,0
21544,0,0
21546,0,0
21552,0,0
21554,0,0
21555,0,0
21559,0,0
21561,0,0
21563,0,0
21564,0,0
21565,0,0
21566,0,0
21567,0,0
21573,0,0
21575,0,0
21576,0,0
21577,0,0
21578,0,0
21585,0,0
21587,0,0
21588,0,0
21589,0,0
21594,0,0
21596,0,0
21603,0,0
21605,0,0
21612,0,0
21617,0,0
21620,0,0
21621,0,0
21622,0,0
21627,0,0
21628,0,0
21630,0,0
21634,0,0
21636,0,0
21637,0,0
21639,0,0
21643,0,0
21645,0,0
21646,0,0
21648,0,0
21655,0,0
21656,0,0
21658,0,0
21660,0,0
21663,0,0
21665,0,0
21666,0,0
21672,0,0
21674,0,0
21677,0,0
21679,0,0
21684,0,0
21685,0,0
21686,0,0
21689,0,0
21691,0,0
21692,0,0
21694,0,0
21695,0,0
21697,0,0
21699,0,0
21701,0,0
21703,0,0
21704,0,0
21707,0,0
21709,0,0
21710,0,0
21711,0,0
21715,0,0
21717,0,0
21719,0,0
21720,0,0
21721,0,0
21722,0,0
21724,0,0
21725,0,0
21731,0,0
21736,0,0
21738,0,0
21742,0,0
21750,0,0
21755,0,0
21759,0,0
21760,0,0
21761,0,0
21765,0,0
21766,0,0
21767,0,0
21768,0,0
21773,0,0
21774,0,0
21775,0,0
21777,0,0
21778,0,0
21779,0,0
21781,0,0
21788,0,0
21789,0,0
21823,0,0
21837,0,0
21839,0,0
21865,0,0
21867,0,0
21869,0,0
21871,0,0
21875,0,0
21877,0,0
21911,0,0
21919,0,0
21925,0,0
21927,0,0
21943,0,0
21944,0,0
21945,0,0
21967,0,0
21969,0,0
21971,0,0
21975,0,0
21978,0,0
21981,0,0
21983,0,0
21985,0,0
21989,0,0
22004,0,0
22006,0,0
22008,0,0
22009,0,0
22012,0,0
22014,0,0
22016,0,0
22020,0,0
22025,0,0
22030,0,0
22035,0,0
22041,0,0
22050,0,0
22057,0,0
22061,0,0
22069,0,0
22077,0,0
22085,0,0
22087,0,0
22089,0,0
22091,0,0
22093,0,0
22095,0,0
22100,0,0
22107,0,0
22117,0,0
22119,0,0
22121,0,0
22123,0,0
22131,0,0
22133,0,0
22157,0,0
22177,0,0
22187,0,0
22191,0,0
22193,0,0
22195,0,0
22197,0,0
22199,0,0
22201,0,0
22203,0,0
22207,0,0
22211,0,0
22216,0,0
22221,0,0
22223,0,0
22225,0,0
22234,0,0
22235,0,0
22240,0,0
22242,0,0
22243,0,0
22248,0,0
22250,0,0
22252,0,0
22254,0,0
22256,0,0
22258,0,0
22259,0,0
22260,0,0
22262,0,0
22264,0,0
22266,0,0
22268,0,0
22269,0,0
22270,0,0
22274,0,0
22276,0,0
22278,0,0
22280,0,0
22282,0,0
22284,0,0
22286,0,0
22287,0,0
22288,0,0
22289,0,0
22290,0,0
22295,0,0
22296,0,0
22298,0,0
22299,0,0
22301,0,0
22305,0,0
22309,0,0
22316,0,0
22318,0,0
22324,0,0
22326,0,0
22330,0,0
22332,0,0
22334,0,0
22338,0,0
22340,0,0
22346,0,0
22348,0,0
22355,0,0
22357,0,0
22379,0,0
22385,0,0
22387,0,0
22391,0,0
22393,0,0
22411,0,0
22427,0,0
22443,0,0
22445,0,0
22457,0,0
22463,0,0
22465,0,0
22467,0,0
22469,0,0
22470,0,0
22471,0,0
22473,0,0
22479,0,0
22483,0,0
22491,0,0
22500,0,0
22502,0,0
22505,0,0
22509,0,0
22511,0,0
22523,0,0
22529,0,0
22537,0,0
22539,0,0
22541,0,0
22543,0,0
22545,0,0
22549,0,0
22556,0,0
22581,0,0
22593,0,0
22595,0,0
22601,0,0
22602,0,0
22604,0,0
22605,0,0
22617,0,0
22621,0,0
22627,0,0
22631,0,0
22641,0,0
22687,0,0
22691,0,0
22693,0,0
22696,0,0
22701,0,0
22709,0,0
22745,0,0
22747,0,0
22748,0,0
22771,0,0
22773,0,0
22803,0,0
22805,0,0
22809,0,0
22811,0,0
22814,0,0
22815,0,0
22817,0,0
22819,0,0
22823,0,0
22829,0,0
22837,0,0
22841,0,0
22843,0,0
22857,0,0
22863,0,0
22867,0,0
22871,0,0
22873,0,0
22877,0,0
22899,0,0
22901,0,0
22903,0,0
22915,0,0
22935,0,0
22943,0,0
22945,0,0
22953,0,0
22955,0,0
22957,0,0
22965,0,0
22969,0,0
22971,0,0
22979,0,0
22999,0,0
23011,0,0
23021,0,0
23022,0,0
23025,0,0
23030,0,0
23032,0,0
23079,0,0
23083,0,0
23085,0,0
23089,0,0
23091,0,0
23093,0,0
23095,0,0
23100,0,0
23109,0,0
23110,0,0
23113,0,0
23115,0,0
23120,0,0
23141,0,0
23147,0,0
23157,0,0
23173,0,0
23175,0,0
23179,0,0
23181,0,0
23197,0,0
23201,0,0
23206,0,0
23209,0,0
23212,0,0
23215,0,0
23217,0,0
23219,0,0
23221,0,0
23224,0,0
23225,0,0
23226,0,0
23227,0,0
23229,0,0
23233,0,0
23238,0,0
23263,0,0
23267,0,0
23273,0,0
23275,0,0
23283,0,0
23299,0,0
23309,0,0
23313,0,0
23314,0,0
23332,0,0
23347,0,0
23349,0,0
23350,0,0
23351,0,0
23353,0,0
23355,0,0
23369,0,0
23373,0,0
23375,0,0
23377,0,0
23381,0,0
23385,0,0
23388,0,0
23394,0,0
23403,0,0
23407,0,0
23409,0,0
23411,0,0
23427,0,0
23435,0,0
23439,0,0
23449,0,0
23450,0,0
23461,0,0
23465,0,0
23473,0,0
23483,0,0
23485,0,0
23487,0,0
23489,0,0
23491,0,0
23499,0,0
23501,0,0
23505,0,0
23509,0,0
23517,0,0
23521,0,0
23527,0,0
23534,0,0
23541,0,0
23543,0,0
23545,0,0
23547,0,0
23549,0,0
23551,0,0
23567,0,0
23569,0,0
23577,0,0
23581,0,0
23583,0,0
23587,0,0
23592,0,0
23595,0,0
23596,0,0
23597,0,0
23599,0,0
23601,0,0
23603,0,0
23605,0,0
23607,0,0
23608,0,0
23609,0,0
23610,0,0
23611,0,0
23615,0,0
23618,0,0
23619,0,0
23621,0,0
23623,0,0
23624,0,0
23625,0,0
23627,0,0
23629,0,0
23631,0,0
23633,0,0
23636,0,0
23639,0,0
23641,0,0
23648,0,0
23649,0,0
23660,0,0
23665,0,0
23669,0,0
23674,0,0
23675,0,0
23685,0,0
23687,0,0
23689,0,0
23695,0,0
23697,0,0
23699,0,0
23701,0,0
23715,0,0
23721,0,0
23723,0,0
23725,0,0
23727,0,0
23729,0,0
23733,0,0
23735,0,0
23739,0,0
23745,0,0
23751,0,0
23753,0,0
23755,0,0
23761,0,0
23762,0,0
23763,0,0
23765,0,0
23767,0,0
23769,0,0
23771,0,0
23773,0,0
23774,0,0
23775,0,0
23777,0,0
23779,0,0
23781,0,0
23783,0,0
23785,0,0
23786,0,0
23787,0,0
23788,0,0
23789,0,0
23807,0,0
23811,0,0
23813,0,0
23815,0,0
23847,0,0
23849,0,0
23855,0,0
23857,0,0
23859,0,0
23867,0,0
23869,0,0
23875,0,0
23879,0,0
23887,0,0
23893,0,0
23897,0,0
23899,0,0
23905,0,0
23907,0,0
23913,0,0
23919,0,0
23939,0,0
23941,0,0
23943,0,0
23971,0,0
23977,0,0
23979,0,0
23983,0,0
23985,0,0
23989,0,0
23991,0,0
23995,0,0
23997,0,0
23999,0,0
24004,0,0
24005,0,0
24037,0,0
24039,0,0
24041,0,0
24045,0,0
24047,0,0
24051,0,0
24055,0,0
24063,0,0
24073,0,0
24075,0,0
24077,0,0
24079,0,0
24081,0,0
24083,0,0
24087,0,0
24089,0,0
24091,0,0
24093,0,0
24095,0,0
24097,0,0
24109,0,0
24111,0,0
24113,0,0
24117,0,0
24121,0,0
24129,0,0
24131,0,0
24133,0,0
24134,0,0
24137,0,0
24139,0,0
24141,0,0
24142,0,0
24157,0,0
24163,0,0
24171,0,0
24191,0,0
24195,0,0
24197,0,0
24203,0,0
24215,0,0
24251,0,0
24253,0,0
24257,0,0
24258,0,0
24261,0,0
24262,0,0
24264,0,0
24266,0,0
24271,0,0
24272,0,0
24274,0,0
24276,0,0
24293,0,0
24305,0,0
24323,0,0
24325,0,0
24331,0,0
24333,0,0
24377,0,0
24379,0,0
24381,0,0
24395,0,0
24417,0,0
24423,0,0
24425,0,0
24429,0,0
24433,0,0
24435,0,0
24437,0,0
24441,0,0
24453,0,0
24463,0,0
24471,0,0
24485,0,0
24497,0,0
24499,0,0
24503,0,0
24507,0,0
24509,0,0
24527,0,0
24533,0,0
24541,0,0
24546,0,0
24547,0,0
24563,0,0
24565,0,0
24589,0,0
24609,0,0
24611,0,0
24621,0,0
24625,0,0
24627,0,0
24629,0,0
24633,0,0
24641,0,0
24667,0,0
24677,0,0
24683,0,0
24687,0,0
24697,0,0
24707,0,0
24709,0,0
24711,0,0
24715,0,0
24717,0,0
24719,0,0
24723,0,0
24725,0,0
24729,0,0
24745,0,0
24756,0,0
24767,0,0
24773,0,0
24777,0,0
24785,0,0
24795,0,0
24799,0,0
24803,0,0
24808,0,0
24809,0,0
24811,0,0
24815,0,0
24817,0,0
24818,0,0
24823,0,0
24847,0,0
24851,0,0
24863,0,0
24865,0,0
24867,0,0
24871,0,0
24877,0,0
24881,0,0
24883,0,0
24884,0,0
24885,0,0
24887,0,0
24889,0,0
24891,0,0
24893,0,0
24895,0,0
24899,0,0
24921,0,0
24925,0,0
24927,0,0
24931,0,0
24935,0,0
24937,0,0
24939,0,0
24947,0,0
24959,0,0
24995,0,0
24996,0,0
25001,0,0
25006,0,0
25008,0,0
25009,0,0
25011,0,0
25014,0,0
25015,0,0
25016,0,0
25018,0,0
25037,0,0
25041,0,0
25047,0,0
25049,0,0
25050,0,0
25051,0,0
25058,0,0
25059,0,0
25060,0,0
25062,0,0
25065,0,0
25066,0,0
25067,0,0
25071,0,0
25073,0,0
25074,0,0
25075,0,0
25089,0,0
25090,0,0
25094,0,0
25095,0,0
25097,0,0
25099,0,0
25100,0,0
25101,0,0
25105,0,0
25107,0,0
25109,0,0
25110,0,0
25111,0,0
25113,0,0
25114,0,0
25116,0,0
25117,0,0
25118,0,0
25120,0,0
25121,0,0
25122,0,0
25123,0,0
25124,0,0
25125,0,0
25126,0,0
25127,0,0
25128,0,0
25129,0,0
25130,0,0
25131,0,0
25132,0,0
25133,0,0
25135,0,0
25137,0,0
25139,0,0
25141,0,0
25143,0,0
25145,0,0
25149,0,0
25151,0,0
25153,0,0
25157,0,0
25158,0,0
25159,0,0
25161,0,0
25163,0,0
25165,0,0
25167,0,0
25171,0,0
25173,0,0
25179,0,0
25180,0,0
25181,0,0
25183,0,0
25191,0,0
25197,0,0
25199,0,0
25201,0,0
25203,0,0
25206,0,0
25208,0,0
25209,0,0
25211,0,0
25212,0,0
25214,0,0
25221,0,0
25222,0,0
25227,0,0
25228,0,0
25231,0,0
25233,0,0
25235,0,0
25242,0,0
25244,0,0
25245,0,0
25250,0,0
25253,0,0
25257,0,0
25277,0,0
25295,0,0
25296,0,0
25297,0,0
25298,0,0
25301,0,0
25317,0,0
25331,0,0
25337,0,0
25353,0,0
25355,0,0
25361,0,0
25369,0,0
25387,0,0
25400,0,0
25401,0,0
25407,0,0
25409,0,0
25411,0,0
25413,0,0
25415,0,0
25417,0,0
25419,0,0
25421,0,0
25425,0,0
25427,0,0
25429,0,0
25433,0,0
25435,0,0
25437,0,0
25440,0,0
25441,0,0
25444,0,0
25446,0,0
25448,0,0
25451,0,0
25455,0,0
25458,0,0
25460,0,0
25470,0,0
25471,0,0
25474,0,0
25475,0,0
25476,0,0
25477,0,0
25478,0,0
25479,0,0
25482,0,0
25483,0,0
25484,0,0
25485,0,0
25500,0,0
25502,0,0
25508,0,0
25509,0,0
25515,0,0
25517,0,0
25519,0,0
25521,0,0
25523,0,0
25525,0,0
25527,0,0
25531,0,0
25539,0,0
25541,0,0
25544,0,0
25545,0,0
25549,0,0
25573,0,0
25575,0,0
25577,0,0
25583,0,0
25585,0,0
25587,0,0
25591,0,0
25593,0,0
25595,0,0
25597,0,0
25599,0,0
25605,0,0
25607,0,0
25609,0,0
25611,0,0
25612,0,0
25613,0,0
25615,0,0
25617,0,0
25619,0,0
25629,0,0
25633,0,0
25657,0,0
25659,0,0
25663,0,0
25683,0,0
25687,0,0
25689,0,0
25691,0,0
25697,0,0
25699,0,0
25709,0,0
25719,0,0
26004,0,0
26005,0,0
26006,0,0
26007,0,0
26008,0,0
26009,0,0
26012,0,0
26013,0,0
26014,0,0
26015,0,0
26018,0,0
26019,0,0
26020,0,0
26021,0,0
26022,0,0
26023,0,0
26024,0,0
26025,0,0
26026,0,0
26027,0,0
26028,0,0
26029,0,0
26030,0,0
26031,0,0
26033,0,0
26034,0,0
26035,0,0
26036,0,0
26037,0,0
26038,0,0
26039,0,0
26040,0,0
26041,0,0
26042,0,0
26043,0,0
26044,0,0
26045,0,0
26046,0,0
26047,0,0
26048,0,0
26049,0,0
26050,0,0
26051,0,0
26052,0,0
26053,0,0
26060,0,0
26061,0,0
26065,0,0
26066,0,0
26067,0,0
26068,0,0
26069,0,0
26070,0,0
26071,0,0
26072,0,0
26073,0,0
26074,0,0
26075,0,0
26076,0,0
26077,0,0
26078,0,0
26079,0,0
26080,0,0
26081,0,0
26082,0,0
26083,0,0
26084,0,0
26085,0,0
26086,0,0
26087,0,0
26088,0,0
26089,0,0
26093,0,0
26094,0,0
26095,0,0
26096,0,0
26097,0,0
26098,0,0
26099,0,0
26100,0,0
26101,0,0
26103,0,0
26104,0,0
26105,0,0
26106,0,0
26107,0,0
26108,0,0
26109,0,0
26110,0,0
26111,0,0
26112,0,0
26113,0,0
26114,0,0
26115,0,0
26116,0,0
26117,0,0
26118,0,0
26119,0,0
26120,0,0
26144,0,0
26145,0,0
26206,0,0
26207,0,0
26208,0,0
26209,0,0
26212,0,0
26213,0,0
26214,0,0
26215,0,0
26217,0,0
26220,0,0
26221,0,0
26222,0,0
26223,0,0
26225,0,0
26226,0,0
26227,0,0
26232,0,0
26233,0,0
26235,0,0
26237,0,0
26238,0,0
26239,0,0
26241,0,0
26242,0,0
26243,0,0
26245,0,0
26247,0,0
26248,0,0
26249,0,0
26256,0,0
26257,0,0
26259,0,0
26260,0,0
26283,0,0
26285,0,0
26286,0,0
26287,0,0
26288,0,0
26403,0,0
26404,0,0
26405,0,0
26406,0,0
26407,0,0
26408,0,0
26409,0,0
26410,0,0
26411,0,0
26412,0,0
26413,0,0
26415,0,0
26416,0,0
26418,0,0
26419,0,0
26420,0,0
26421,0,0
26422,0,0
26423,0,0
26424,0,0
26425,0,0
26426,0,0
26427,0,0
26428,0,0
26429,0,0
26430,0,0
26431,0,0
26432,0,0
26433,0,0
26434,0,0
26435,0,0
26436,0,0
26437,0,0
26438,0,0
26439,0,0
26440,0,0
26441,0,0
26442,0,0
26443,0,0
26446,0,0
26447,0,0
26448,0,0
26449,0,0
26453,0,0
26454,0,0
26456,0,0
26458,0,0
26600,0,0
26601,0,0
26603,0,0
26604,0,0
26605,0,0
26606,0,0
26607,0,0
26608,0,0
26609,0,0
26614,0,0
26616,0,0
26617,0,0
26618,0,0
26619,0,0
26621,0,0
26622,0,0
26623,0,0
26625,0,0
26626,0,0
26628,0,0
26629,0,0
26630,0,0
26631,0,0
26632,0,0
26633,0,0
26634,0,0
26635,0,0
26636,0,0
26637,0,0
26638,0,0
26639,0,0
26640,0,0
26641,0,0
26643,0,0
26644,0,0
26645,0,0
26646,0,0
26647,0,0
26648,0,0
26649,0,0
26650,0,0
26651,0,0
26652,0,0
26653,0,0
26654,0,0
26656,0,0
26703,0,0
26704,0,0
26705,0,0
26706,0,0
26707,0,0
26708,0,0
26709,0,0
26710,0,0
26711,0,0
26712,0,0
26713,0,0
26716,0,0
26717,0,0
26718,0,0
26719,0,0
26720,0,0
26721,0,0
26810,0,0
26811,0,0
26812,0,0
26813,0,0
26814,0,0
26815,0,0
26816,0,0
26817,0,0
26818,0,0
26819,0,0
26820,0,0
26821,0,0
26822,0,0
26823,0,0
26824,0,0
26825,0,0
26826,0,0
26827,0,0
26828,0,0
26829,0,0
26830,0,0
26831,0,0
26832,0,0
26833,0,0
26834,0,0
26835,0,0
26894,0,0
26904,0,0
26905,0,0
26908,0,0
26909,0,0
26910,0,0
26911,0,0
26914,0,0
26915,0,0
26916,0,0
26917,0,0
26920,0,0
26921,0,0
26922,0,0
26923,0,0
26926,0,0
26927,0,0
26940,0,0
26941,0,0
26942,0,0
26943,0,0
26945,0,0
26952,0,0
26974,0,0
28019,0,0
28020,0,0
28030,0,0
28031,0,0
28032,0,0
28033,0,0
28035,0,0
28036,0,0
28037,0,0
28042,0,0
28044,0,0
28045,0,0
28046,0,0
28047,0,0
28048,0,0
28049,0,0
28050,0,0
28051,0,0
28053,0,0
28059,0,0
28065,0,0
28066,0,0
28067,0,0
28071,0,0
28076,0,0
28077,0,0
28079,0,0
28080,0,0
28081,0,0
28083,0,0
28084,0,0
28091,0,0
28092,0,0
28095,0,0
28096,0,0
28097,0,0
28102,0,0
28104,0,0
28105,0,0
28106,0,0
28112,0,0
28113,0,0
28119,0,0
28120,91,0
28124,0,0
28125,90,0
28128,0,0
28130,0,0
28136,0,0
28144,0,0
28145,0,0
28146,0,0
28147,0,0
28149,0,0
28150,0,0
28151,0,0
28152,0,0
28153,0,0
28154,0,0
28155,0,0
28156,0,0
28157,0,0
28158,0,0
28159,0,0
28160,0,0
28161,0,0
28162,0,0
28163,0,0
28164,0,0
28166,0,0
28167,0,0
28169,0,0
28174,0,0
28176,0,0
28177,0,0
28178,0,0
28183,0,0
28184,0,0
28185,0,0
28186,0,0
28187,0,0
28198,0,0
28199,0,0
28207,0,0
28208,0,0
28209,0,0
28210,0,0
28211,0,0
28212,0,0
28216,0,0
28217,0,0
28218,0,0
28219,0,0
28224,0,0
28225,0,0
28226,0,0
28241,0,0
28488,0,0
28489,0,0
28490,0,0
28492,0,0
28493,0,0
28500,0,0
28501,0,0
28503,0,0
28506,0,0
28507,0,0
28512,0,0
28516,0,0
28522,0,0
28527,0,0
28530,0,0
28531,0,0
28532,0,0
28533,0,0
28537,0,0
28541,0,0
28544,0,0
28547,0,0
28550,0,0
28551,0,0
28552,0,0
28553,0,0
28554,0,0
28555,0,0
28556,0,0
28557,0,0
28559,0,0
28560,0,0
28561,0,0
28562,0,0
28563,0,0
28572,0,0
28573,0,0
28574,0,0
28577,0,0
28579,0,0
28581,0,0
28582,0,0
28583,0,0
28584,0,0
28585,0,0
28586,0,0
28587,0,0
28588,0,0
28589,0,0
28590,0,0
28592,0,0
28594,0,0
28595,0,0
28596,0,0
28597,0,0
28598,0,0
28599,0,0
28600,0,0
28601,0,0
28602,0,0
28604,0,0
28606,0,0
28607,0,0
28610,0,0
28611,0,0
28612,0,0
28613,0,0
28614,0,0
28615,0,0
28616,0,0
28617,0,0
28620,0,0
28621,0,0
28622,0,0
28623,0,0
28624,0,0
28625,0,0
28626,0,0
28627,0,0
28628,0,0
28629,0,0
28631,0,0
28633,0,0
28634,0,0
28635,0,0
28636,0,0
28637,0,0
28639,0,0
28640,0,0
28641,0,0
28642,0,0
28643,0,0
28644,0,0
28645,0,0
28646,0,0
28647,0,0
28648,0,0
28649,0,0
28650,0,0
28651,0,0
28652,0,0
28653,0,0
28654,0,0
28657,0,0
28660,0,0
28661,0,0
28662,0,0
28663,0,0
28664,0,0
28666,0,0
28667,0,0
28671,0,0
28672,0,0
28674,0,0
28676,0,0
28677,0,0
28678,0,0
28682,0,0
28683,0,0
28684,0,0
28686,0,0
28688,0,0
28689,0,0
28690,0,0
28691,0,0
28693,0,0
28694,0,0
28695,0,0
28696,0,0
28697,0,0
28698,0,0
28699,0,0
28700,0,0
28706,0,0
28707,0,0
28708,0,0
28709,0,0
28710,0,0
28712,0,0
28713,0,0
28714,0,0
28715,0,0
28716,0,0
28717,0,0
28718,0,0
28719,0,0
28722,0,0
28723,0,0
28724,0,0
28726,0,0
28727,0,0
28728,0,0
28729,0,0
28730,0,0
28731,0,0
28732,0,0
28733,0,0
28735,0,0
28737,0,0
28739,0,0
28741,0,0
28747,0,0
28748,0,0
28749,0,0
28750,0,0
28751,0,0
28754,0,0
28755,0,0
28756,0,0
28757,0,0
28758,0,0
28759,0,0
28761,0,0
28762,0,0
28764,0,0
28766,0,0
28767,0,0
28768,0,0
28769,0,0
28770,0,0
28772,0,0
28773,0,0
28774,0,0
28775,0,0
28777,0,0
28778,0,0
28779,0,0
28780,0,0
28781,0,0
28783,0,0
28787,0,0
28788,0,0
28789,0,0
28790,0,0
28791,0,0
28792,0,0
28794,0,0
28795,0,0
28796,0,0
28797,0,0
28798,0,0
28802,0,0
28803,0,0
28804,0,0
28805,0,0
28807,0,0
28810,0,0
28815,0,0
28816,0,0
28817,0,0
28818,0,0
28819,0,0
28820,0,0
28821,0,0
28822,0,0
28827,0,0
28828,0,0
28830,0,0
28837,0,0
28840,0,0
28841,0,0
28842,0,0
28843,0,0
28844,0,0
28845,0,0
28847,0,0
28849,0,0
28854,0,0
28856,0,0
28857,0,0
28860,0,0
28861,0,0
28862,0,0
28867,0,0
28868,0,0
28870,0,0
28871,0,0
28873,0,0
28874,0,0
28875,0,0
28876,0,0
28877,0,0
28879,0,0
28880,0,0
28882,0,0
28883,0,0
28884,0,0
28885,0,0
28888,0,0
28889,0,0
28891,0,0
28893,0,0
28894,0,0
28895,0,0
28896,0,0
28897,0,0
28898,0,0
28899,0,0
28900,0,0
28901,0,0
28902,0,0
28903,0,0
28904,0,0
28905,0,0
28906,0,0
28907,0,0
28908,0,0
28909,0,0
28911,0,0
28912,0,0
28913,0,0
28915,0,0
28916,0,0
28922,0,0
28923,0,0
28924,0,0
28925,0,0
28930,0,0
28932,0,0
28933,0,0
28934,0,0
28935,0,0
28936,0,0
28937,0,0
28938,0,0
28939,0,0
28940,0,0
28941,0,0
28942,0,0
28943,0,0
28944,0,0
28945,0,0
28946,0,0
28961,0,0
28962,0,0
28966,0,0
28970,0,0
28971,0,0
28980,0,0
28981,0,0
28982,0,0
28983,0,0
28984,0,0
28987,0,0
28992,0,0
28998,0,0
29000,0,0
29028,0,0
29037,0,0
29040,0,0
29043,0,0
29048,0,0
29051,0,0
29052,0,0
29060,0,0
29066,0,0
29071,0,0
29075,0,0
29078,0,0
29079,0,0
29080,0,0
29082,0,0
29083,0,0
29085,0,0
29086,0,0
29090,0,0
29094,0,0
29095,0,0
29098,0,0
29101,0,0
29103,0,0
29106,0,0
29109,0,0
29111,0,0
29115,0,0
29119,0,0
29122,0,0
29125,0,0
29127,0,0
29132,0,0
29135,0,0
29137,0,0
29139,0,0
29142,0,0
29144,0,0
29146,0,0
29148,0,0
29150,0,0
29152,0,0
29155,0,0
29156,0,0
29160,0,0
29161,0,0
29163,91,0
29164,0,0
29166,0,0
29171,0,0
29172,0,0
29182,0,0
29185,0,0
29186,0,0
29188,0,0
29189,0,0
29190,0,0
29193,0,0
29197,0,0
29198,0,0
29199,0,0
29200,0,0
29202,0,0
29205,0,0
29218,0,0
29219,0,0
29220,0,0
29221,0,0
29222,0,0
29223,0,0
29224,0,0
29225,0,0
29226,0,0
29227,0,0
29228,0,0
29229,0,0
29230,0,0
29231,0,0
29232,0,0
29233,0,0
29234,0,0
29235,0,0
29236,0,0
29238,0,0
29239,0,0
29240,0,0
29241,0,0
29242,0,0
29243,0,0
29244,0,0
29245,0,0
29246,0,0
29248,0,0
29249,0,0
29250,0,0
29251,0,0
29252,0,0
29253,0,0
29254,0,0
29255,0,0
29256,0,0
29257,0,0
29258,0,0
29259,0,0
29260,0,0
29261,0,0
29262,0,0
29263,0,0
29264,0,0
29265,0,0
29266,0,0
29267,0,0
29268,0,0
29269,0,0
29270,0,0
29271,0,0
29272,0,0
29273,0,0
29274,0,0
29275,0,0
29276,0,0
29277,0,0
29278,0,0
29279,0,0
29280,0,0
29281,0,0
29282,0,0
29283,0,0
29284,0,0
29285,0,0
29286,0,0
29292,0,0
29293,0,0
29295,0,0
29297,0,0
29300,0,0
29306,0,0
29307,0,0
29321,0,0
29332,0,0
29333,0,0
29334,0,0
29336,0,0
29339,0,0
29340,0,0
29341,0,0
29343,0,0
29344,0,0
29346,0,0
29347,0,0
29349,0,0
29350,0,0
29351,0,0
29355,0,0
29358,0,0
29359,0,0
29361,0,0
29364,0,0
29366,0,0
29368,0,0
29371,0,0
29373,0,0
29376,0,0
29380,0,0
29383,0,0
29385,0,0
29387,0,0
29388,0,0
29391,0,0
29394,0,0
29398,0,0
29399,0,0
29403,0,0
29404,0,0
29406,0,0
29407,0,0
29424,0,0
29444,0,0
29448,0,0
29449,0,0
29450,0,0
29452,0,0
29453,0,0
29454,0,0
29455,0,0
29456,0,0
29458,0,0
29459,0,0
29461,0,0
29462,0,0
29463,0,0
29464,0,0
29465,0,0
29466,0,0
29467,0,0
29468,0,0
29470,0,0
29476,0,0
29477,0,0
29478,0,0
29481,0,0
29486,0,0
29488,0,0
29489,0,0
29490,0,0
29499,0,0
29500,0,0
29506,0,0
29509,0,0
29510,0,0
29511,0,0
29512,0,0
29513,0,0
29516,0,0
29518,0,0
29522,0,0
29523,0,0
29526,0,0
29527,0,0
29528,0,0
29532,0,0
29533,0,0
29535,0,0
29536,0,0
29537,0,0
29538,0,0
29540,0,0
29544,0,0
29546,0,0
29547,0,0
29551,0,0
29555,0,0
29561,0,0
29567,0,0
29571,0,0
29573,0,0
29574,0,0
29576,0,0
29578,0,0
29579,0,0
29580,0,0
29583,0,0
29586,0,0
29589,0,0
29590,0,0
29595,0,0
29598,0,0
29601,0,0
29605,0,0
29607,0,0
29621,0,0
29622,0,0
29624,0,0
29628,0,0
29629,0,0
29630,0,0
29634,0,0
29638,0,0
29640,0,0
29642,0,0
29644,0,0
29645,0,0
29646,0,0
29648,0,0
29649,0,0
29650,0,0
29651,0,0
29653,0,0
29655,0,0
29671,0,0
29672,0,0
29673,0,0
29674,0,0
29675,0,0
29678,0,0
29680,0,0
29690,0,0
29691,0,0
29698,0,0
29701,0,0
29702,0,0
29703,0,0
29704,0,0
29708,0,0
29710,0,0
29713,0,0
29716,0,0
29719,0,0
29721,0,0
29729,0,0
29730,0,0
29731,0,0
29732,0,0
29736,0,0
29741,0,0
29743,0,0
29744,0,0
29745,0,0
29748,0,0
29751,0,0
29752,0,0
29754,0,0
29760,0,0
29766,0,0
29768,0,0
29769,0,0
29776,0,0
29778,0,0
29782,0,0
29784,0,0
29785,0,0
29788,0,0
29794,0,0
29795,0,0
29796,0,0
29800,0,0
29801,0,0
29804,0,0
29805,0,0
29817,0,0
29818,0,0
29819,0,0
29827,0,0
29843,0,0
29844,0,0
29845,0,0
29847,0,0
29861,0,0
29862,0,0
29864,0,0
29867,0,0
29870,0,0
29872,0,0
29876,0,0
29880,0,0
29881,0,0
29882,0,0
29883,0,0
29885,0,0
29889,0,0
29892,0,0
29895,0,0
29898,0,0
29900,0,0
29901,0,0
29904,0,0
29905,0,0
29908,0,0
29909,0,0
29910,0,0
29911,0,0
29920,0,0
29928,0,0
29930,0,0
29933,0,0
29935,0,0
29938,0,0
29939,0,0
29945,0,0
29947,0,0
29948,0,0
29957,0,0
29958,0,0
29959,0,0
29960,0,0
29961,0,0
29977,0,0
29978,0,0
29979,0,0
29980,0,0
29983,0,0
29986,0,0
29987,0,0
29993,0,0
29996,0,0
29999,0,0
30000,0,0
30003,0,0
30004,0,0
30006,0,0
30008,0,0
30009,0,0
30012,0,0
30013,0,0
30014,0,0
30015,0,0
30018,0,0
30025,0,0
30026,0,0
30031,0,0
30033,0,0
30034,0,0
30040,0,0
30041,0,0
30043,0,0
30044,0,0
30045,0,0
30049,0,0
30050,0,0
30051,0,0
30055,0,0
30069,0,0
30073,0,0
30076,0,0
30082,0,0
30084,0,0
30119,0,0
30121,0,0
30128,0,0
30199,0,0
30203,0,0
30204,0,0
30215,0,0
30218,0,0
30222,0,0
30226,0,0
30231,0,0
30244,0,0
30249,0,0
30268,0,0
30271,0,0
30316,0,0
30330,0,0
30332,90,0
30336,0,0
30337,0,0
30338,0,0
30339,0,0
30341,0,0
30342,0,0
30343,0,0
30344,0,0
30345,0,0
30346,0,0
30347,0,0
30348,0,0
30349,0,0
30350,0,0
30351,0,0
30352,90,0
30353,91,0
30354,0,0
30355,0,0
30356,0,0
30357,0,0
30358,0,0
30359,0,0
30360,0,0
30361,0,0
30362,0,0
30363,0,0
30364,0,0
30365,0,0
30366,0,0
30367,0,0
30368,0,0
30369,0,0
30370,0,0
30371,0,0
30372,0,0
30373,0,0
30374,0,0
30375,0,0
30376,0,0
30377,0,0
30378,0,0
30379,0,0
30380,0,0
30381,0,0
30382,0,0
30383,0,0
30384,0,0
30386,0,0
30387,0,0
30388,0,0
30389,0,0
30390,0,0
30391,0,0
30393,0,0
30394,0,0
30395,0,0
30396,0,0
30397,0,0
30398,0,0
30401,0,0
30402,0,0
30403,0,0
30404,0,0
30405,0,0
30406,0,0
30407,0,0
30408,0,0
30409,0,0
30410,0,0
30411,0,0
30412,0,0
30413,0,0
30414,0,0
30415,0,0
30416,0,0
30417,0,0
30418,0,0
30419,0,0
30420,0,0
30421,0,0
30422,0,0
30423,0,0
30424,0,0
30425,0,0
30426,0,0
30427,0,0
30428,0,0
30429,0,0
30430,0,0
30431,0,0
30432,0,0
30436,0,0
30438,0,0
30439,0,0
30440,0,0
30441,0,0
30443,0,0
30444,0,0
30445,0,0
30446,0,0
30448,0,0
30449,0,0
30452,0,0
30453,0,0
30454,0,0
30456,0,0
30458,0,0
30459,0,0
30460,0,0
30463,0,0
30464,0,0
30465,0,0
30466,0,0
30468,0,0
30470,0,0
30471,0,0
30472,0,0
30473,0,0
30475,0,0
30476,0,0
30477,0,0
30478,0,0
30479,0,0
30480,0,0
30482,0,0
30483,0,0
30484,0,0
30485,0,0
30486,0,0
30487,0,0
30488,0,0
30489,0,0
30490,0,0
30491,0,0
30492,0,0
30493,0,0
30494,0,0
30495,0,0
30496,0,0
30497,0,0
30498,0,0
30499,0,0
30500,0,0
30501,0,0
30502,0,0
30503,0,0
30504,0,0
30505,0,0
30506,0,0
30507,0,0
30508,0,0
30511,0,0
30514,0,0
30515,0,0
30516,0,0
30517,0,0
30518,0,0
30522,0,0
30526,0,0
30527,0,0
30530,0,0
30531,0,0
30532,0,0
30533,0,0
30534,0,0
30535,0,0
30536,0,0
30537,0,0
30538,0,0
30539,0,0
30540,0,0
30542,0,0
30544,0,0
30546,0,0
30549,0,0
30550,0,0
30551,0,0
30552,0,0
30553,0,0
30554,0,0
30555,0,0
30556,0,0
30557,0,0
30558,0,0
30559,0,0
30560,0,0
30561,0,0
30562,0,0
30565,0,0
30566,0,0
30567,0,0
30568,0,0
30569,0,0
30570,0,0
30571,0,0
30572,0,0
30573,0,0
30574,0,0
30575,0,0
30576,0,0
30577,0,0
30578,0,0
30579,0,0
30580,0,0
30581,0,0
30582,0,0
30586,0,0
30587,0,0
30588,0,0
30589,0,0
30590,0,0
30591,0,0
30592,0,0
30593,0,0
30594,0,0
30595,0,0
30596,0,0
30597,0,0
30598,0,0
30599,0,0
30600,0,0
30602,0,0
30603,0,0
30604,0,0
30606,0,0
30607,0,0
30608,0,0
30609,0,0
30610,0,0
30612,0,0
30613,0,0
30614,0,0
30615,0,0
30616,0,0
30617,0,0
30618,0,0
30619,0,0
30620,0,0
30621,0,0
30623,0,0
30625,0,0
30626,0,0
30627,0,0
30628,0,0
30629,0,0
30630,0,0
30631,0,0
30632,0,0
30633,0,0
30634,0,0
30635,0,0
30636,0,0
30637,0,0
30638,0,0
30639,0,0
30640,0,0
30641,0,0
30642,0,0
30643,0,0
30644,0,0
30645,0,0
30646,0,0
30647,0,0
30648,0,0
30651,0,0
30652,0,0
30653,0,0
30654,0,0
30655,0,0
30656,0,0
30657,0,0
30659,0,0
30661,0,0
30663,0,0
30665,0,0
30670,0,0
30671,0,0
30672,0,0
30673,0,0
30674,0,0
30675,0,0
30676,0,0
30677,0,0
30678,0,0
30679,0,0
30680,0,0
30681,0,0
30683,0,0
30684,0,0
30685,0,0
30686,0,0
30687,0,0
30688,0,0
30689,0,0
30690,0,0
30691,0,0
30692,0,0
30693,0,0
30694,0,0
30695,0,0
30696,0,0
30697,0,0
30698,0,0
30699,0,0
30700,0,0
30701,0,0
30702,0,0
30703,0,0
30705,0,0
30706,0,0
30707,0,0
30708,0,0
30709,0,0
30711,0,0
30712,0,0
30713,0,0
30714,0,0
30715,0,0
30716,0,0
30717,0,0
30722,0,0
30724,0,0
30725,0,0
30726,0,0
30728,0,0
30729,0,0
30730,0,0
30731,0,0
30732,0,0
30733,0,0
30735,0,0
30738,0,0
30740,0,0
30741,0,0
30742,0,0
30743,0,0
30744,0,0
30746,0,0
30747,0,0
30749,0,0
30750,0,0
30759,0,0
30764,0,0
30769,0,0
30781,0,0
30783,0,0
30785,0,0
30787,0,0
30788,0,0
30791,0,0
30792,0,0
30797,0,0
30798,0,0
30799,0,0
30800,0,0
30803,0,0
30804,0,0
30809,0,0
30810,0,0
30812,0,0
30815,0,0
30817,0,0
30820,0,0
30829,0,0
30830,0,0
30834,0,0
30840,0,0
30841,0,0
30847,0,0
30854,0,0
30855,0,0
30860,0,0
30862,0,0
30864,0,0
30867,0,0
30873,0,0
30874,0,0
30876,0,0
30877,0,0
30886,0,0
30887,0,0
30888,0,0
30889,0,0
30890,0,0
30891,0,0
30898,0,0
30899,0,0
30901,0,0
30905,0,0
30906,0,0
30912,0,0
30913,0,0
30914,0,0
30915,0,0
30920,0,0
30923,0,0
30924,0,0
30925,0,0
30926,0,0
30927,0,0
30928,0,0
30940,0,0
30941,0,0
30942,0,0
30943,0,0
30954,0,0
30958,0,0
30959,0,0
30960,0,0
30961,0,0
30962,0,0
30963,0,0
30964,0,0
30965,0,0
30966,0,0
30967,0,0
30968,0,0
30970,0,0
30971,0,0
30972,0,0
30974,0,0
30975,0,0
30976,0,0
30979,0,0
30980,0,0
31007,0,0
31034,0,0
31036,0,0
31041,0,0
31047,0,0
31048,0,0
31050,0,0
31051,0,0
31054,0,0
31057,0,0
31063,0,0
31065,0,0
31066,0,0
31068,0,0
31077,0,0
31078,0,0
31083,0,0
31084,0,0
31087,0,0
31091,0,0
31094,0,0
31096,0,0
31098,0,0
31101,92,0
31102,0,0
31105,0,0
31106,0,0
31108,0,0
31110,0,0
31112,0,0
31113,0,0
31114,0,0
31115,0,0
31116,0,0
31119,0,0
31127,0,0
31131,0,0
31133,0,0
31135,0,0
31137,0,0
31143,0,0
31146,0,0
31147,0,0
31150,0,0
31151,0,0
31153,0,0
31162,0,0
31164,0,0
31165,0,0
31166,0,0
31168,0,0
31170,0,0
31171,0,0
31175,0,0
31178,0,0
31181,0,0
31186,0,0
31192,0,0
31195,90,0
31204,0,0
31205,0,0
31208,0,0
31220,0,0
31221,0,0
31226,0,0
31229,0,0
31230,0,0
31231,0,0
31232,0,0
31236,0,0
31246,0,0
31248,0,0
31249,0,0
31253,0,0
31255,0,0
31257,0,0
31262,0,0
31267,0,0
31269,0,0
31271,0,0
31272,0,0
31275,0,0
31279,0,0
31281,0,0
31288,0,0
31297,0,0
31298,0,0
31301,0,0
31307,0,0
31316,0,0
31317,0,0
31327,0,0
31330,0,0
31333,0,0
31334,0,0
31335,0,0
31336,0,0
31337,0,0
31338,0,0
31340,0,0
31347,92,0
31355,0,0
31356,0,0
31371,0,0
31378,0,0
31379,0,0
31380,0,0
31383,0,0
31385,0,0
31388,0,0
31389,0,0
31390,0,0
31396,0,0
31401,0,0
31404,0,0
31405,0,0
31413,0,0
31414,0,0
31415,0,0
31418,0,0
31419,0,0
31420,0,0
31422,0,0
31423,0,0
31424,0,0
31425,0,0
31426,0,0
31428,0,0
31432,0,0
31434,0,0
31435,0,0
31436,0,0
31438,0,0
31444,0,0
31448,0,0
31449,0,0
31450,0,0
31451,0,0
31460,0,0
31461,0,0
31462,0,0
31463,0,0
31466,0,0
31467,0,0
31468,0,0
31469,0,0
31470,0,0
31471,0,0
31473,0,0
31475,0,0
31476,0,0
31477,0,0
31481,0,0
31484,0,0
31485,0,0
31488,0,0
31489,0,0
31491,0,0
31494,0,0
31496,0,0
31498,0,0
31503,0,0
31504,0,0
31509,0,0
31510,0,0
31511,0,0
31512,0,0
31513,0,0
31518,0,0
31519,0,0
31520,0,0
31522,0,0
31525,0,0
31526,0,0
31528,0,0
31529,0,0
31530,0,0
31531,0,0
31537,0,0
31539,0,0
31540,0,0
31541,0,0
31542,0,0
31543,0,0
31547,0,0
31549,0,0
31550,0,0
31551,0,0
31552,0,0
31553,0,0
31554,0,0
31555,0,0
31558,0,0
31559,0,0
31562,0,0
31565,0,0
31566,0,0
31574,0,0
31576,0,0
31585,0,0
31586,0,0
31587,0,0
31592,0,0
31596,0,0
31608,0,0
31612,0,0
31613,0,0
31614,0,0
31621,0,0
31623,0,0
31624,0,0
31627,0,0
31633,0,0
31634,0,0
31635,0,0
31636,0,0
31637,0,0
31645,0,0
31646,0,0
31648,0,0
31652,0,0
31653,0,0
31657,0,0
31659,0,0
31660,0,0
31661,0,0
31662,0,0
31663,0,0
31664,0,0
31680,0,0
31681,0,0
31682,0,0
31683,0,0
31685,0,0
31686,0,0
31688,0,0
31692,0,0
31693,0,0
31694,0,0
31695,0,0
31699,0,0
31700,0,0
31701,0,0
31702,0,0
31703,0,0
31705,0,0
31708,0,0
31709,0,0
31710,0,0
31719,0,0
31720,0,0
31726,0,0
31728,0,0
31731,0,0
31735,0,0
31750,0,0
31751,0,0
31761,0,0
31768,0,0
31769,0,0
31776,0,0
31777,0,0
31782,0,0
31784,0,0
31802,0,0
31803,0,0
31804,0,0
31805,0,0
31806,0,0
31808,0,0
31809,0,0
31810,0,0
31814,0,0
31815,0,0
31818,0,0
31819,0,0
31820,0,0
31821,0,0
31822,0,0
31824,0,0
31825,0,0
31830,0,0
31831,0,0
31833,0,0
31834,0,0
31838,0,0
31840,0,0
31841,0,0
31843,0,0
31844,0,0
31846,0,0
31849,0,0
31855,0,0
31859,0,0
31860,0,0
31864,0,0
31866,0,0
31868,0,0
31874,0,0
31876,0,0
31877,0,0
31880,0,0
31882,0,0
31883,0,0
31884,0,0
31885,0,0
31886,0,0
31889,0,0
31890,0,0
31895,0,0
31896,0,0
31899,0,0
31900,0,0
31903,0,0
31904,0,0
31906,0,0
31908,0,0
31910,0,0
31911,0,0
31912,0,0
31914,0,0
31915,0,0
31916,0,0
31918,0,0
31919,0,0
31920,0,0
31922,0,0
31923,0,0
31926,0,0
31928,0,0
31930,0,0
31931,0,0
31933,0,0
31934,0,0
31939,0,0
31940,0,0
31942,0,0
31943,0,0
31945,0,0
31946,0,0
31960,0,0
31961,0,0
31962,0,0
31963,0,0
31970,0,0
31971,0,0
31972,0,0
31974,0,0
31975,0,0
31976,0,0
31979,0,0
31981,0,0
31982,0,0
31992,0,0
31993,0,0
31995,0,0
31998,0,0
32004,0,0
32005,0,0
32010,0,0
32014,0,0
32015,0,0
32016,0,0
32017,0,0
32018,0,0
32019,0,0
32020,0,0
32021,0,0
32022,0,0
32024,0,0
32026,0,0
32027,0,0
32028,0,0
32031,0,0
32032,0,0
32033,0,0
32036,0,0
32059,0,0
32060,0,0
32064,0,0
32072,0,0
32075,0,0
32076,0,0
32077,0,0
32084,0,0
32085,0,0
32095,0,0
32100,0,0
32107,0,0
32110,0,0
32117,0,0
32124,0,0
32146,0,0
32147,0,0
32148,0,0
32149,0,0
32161,0,0
32164,0,0
32166,0,0
32174,0,0
32182,0,0
32183,0,0
32187,0,0
32194,0,0
32201,0,0
32203,0,0
32204,0,0
32205,0,0
32206,0,0
32207,0,0
32210,0,0
32211,0,0
32212,0,0
32220,0,0
32224,0,0
32227,0,0
32230,0,0
32232,0,0
32233,0,0
32237,0,0
32239,0,0
32241,0,0
32243,0,0
32255,0,0
32260,0,0
32261,0,0
32262,0,0
32265,0,0
32266,0,0
32268,0,0
32273,0,0
32279,0,0
32286,0,0
32290,0,0
32291,0,0
32293,0,0
32304,0,0
32306,0,0
32308,0,0
32309,0,0
32310,0,0
32311,0,0
32312,0,0
32313,0,0
32314,0,0
32315,0,0
32316,0,0
32317,0,0
32318,0,0
32319,0,0
32323,0,0
32327,0,0
32328,0,0
32329,0,0
32331,0,0
32337,0,0
32340,0,0
32341,0,0
32343,0,0
32351,0,0
32352,0,0
32357,0,0
32362,0,0
32365,0,0
32372,0,0
32376,0,0
32377,0,0
32379,0,0
32380,0,0
32384,0,0
32385,0,0
32386,0,0
32387,0,0
32389,0,0
32390,0,0
32397,0,0
32407,0,0
32410,0,0
32411,0,0
32412,0,0
32413,0,0
32415,0,0
32417,0,0
32419,0,0
32427,0,0
32438,0,0
32448,0,0
32454,0,0
32460,0,0
32471,0,0
32475,0,0
32476,0,0
32478,0,0
32480,0,0
32485,0,0
32489,0,0
32491,0,0
32496,0,0
32503,0,0
32520,0,0
32521,0,0
32524,0,0
32525,0,0
32528,0,0
32529,0,0
32530,0,0
32533,0,0
32539,0,0
32540,0,0
32541,0,0
32549,0,0
32550,0,0
32551,0,0
32553,0,0
32556,0,0
32558,0,0
32559,0,0
32560,0,0
32561,0,0
32563,0,0
32565,0,0
32568,0,0
32569,0,0
32570,0,0
32572,0,0
32573,0,0
32574,0,0
32575,0,0
32578,0,0
32579,0,0
32581,0,0
32582,0,0
32586,0,0
32588,0,0
32591,0,0
32592,0,0
32595,0,0
32596,0,0
32599,0,0
32618,0,0
32624,0,0
32629,0,0
32631,0,0
32633,0,0
32636,0,0
32637,0,0
32638,0,0
32639,0,0
32651,0,0
32671,0,0
32675,0,0
32680,0,0
32682,0,0
32689,0,0
32690,0,0
32691,0,0
32694,0,0
32696,0,0
32698,0,0
32701,0,0
32719,0,0
32726,0,0
32727,0,0
32733,0,0
32767,0,0
32768,0,0
32776,0,0
32777,0,0
32781,0,0
32783,0,0
32784,0,0
32785,0,0
32786,0,0
32788,0,0
32789,0,0
32790,0,0
32792,0,0
32793,0,0
32794,0,0
32795,0,0
32829,0,0
32853,0,0
32863,0,0
32864,0,0
32865,0,0
32866,0,0
32869,0,0
32871,0,0
32872,0,0
32873,0,0
32875,0,0
32879,0,0
32881,0,0
32893,0,0
32898,0,0
32899,0,0
32900,0,0
32910,0,0
32915,0,0
32916,0,0
32917,0,0
32918,0,0
32926,0,0
32928,0,0
32929,0,0
32930,0,0
32932,0,0
32933,0,0
32934,0,0
32936,0,0
32940,0,0
32941,0,0
32945,0,0
32949,0,0
32967,0,0
32974,0,0
32977,0,0
32978,0,0
32980,0,0
32983,0,0
32984,0,0
32986,0,0
32987,0,0
32988,0,0
32992,0,0
32995,0,0
32999,0,0
33003,0,0
33004,0,0
33007,0,0
33009,0,0
33021,0,0
33023,0,0
33024,0,0
33026,0,0
33031,0,0
33034,0,0
33035,0,0
33052,0,0
33053,0,0
33056,0,0
33058,0,0
33059,0,0
33070,0,0
33072,0,0
33074,0,0
33076,0,0
33077,0,0
33078,0,0
33079,0,0
33081,0,0
33082,0,0
33085,0,0
33086,0,0
33088,0,0
33092,0,0
33102,0,0
33107,0,0
33112,0,0
33115,0,0
33117,0,0
33122,0,0
33123,0,0
33125,0,0
33127,0,0
33129,0,0
33132,0,0
33137,0,0
33138,0,0
33139,0,0
33140,0,0
33148,0,0
33156,0,0
33162,0,0
33164,0,0
33166,0,0
33169,0,0
33170,0,0
33172,0,0
33173,0,0
33177,0,0
33185,0,0
33186,0,0
33189,0,0
33190,0,0
33191,0,0
33194,0,0
33200,0,0
33201,0,0
33204,0,0
33205,0,0
33206,0,0
33210,0,0
33212,0,0
33214,0,0
33215,0,0
33220,0,0
33222,0,0
33224,0,0
33225,0,0
33227,0,0
33232,0,0
33240,0,0
33241,0,0
33242,0,0
33245,0,0
33246,0,0
33250,0,0
33257,0,0
33283,0,0
33284,0,0
33286,0,0
33288,0,0
33289,0,0
33290,0,0
33291,0,0
33299,0,0
33302,0,0
33304,0,0
33312,0,0
33320,0,0
33321,0,0
33323,0,0
33339,0,0
33360,0,0
33369,0,0
33370,0,0
33371,0,0
33372,0,0
33373,0,0
33374,0,0
33375,0,0
33378,0,0
33379,0,0
33380,0,0
33381,0,0
33382,0,0
33438,0,0
33439,0,0
33472,0,0
33474,0,0
33476,0,0
33478,0,0
33480,0,0
33481,0,0
33500,0,0
33503,0,0
33509,0,0
33512,0,0
33514,0,0
33518,0,0
33620,0,0
33649,0,0
33651,0,0
33662,0,0
33674,0,0
33676,0,0
33687,0,0
33690,0,0
33696,0,0
33699,0,0
33700,0,0
33709,0,0
33710,0,0
33735,0,0
33742,0,0
33754,0,0
33757,0,0
33761,0,0
33791,0,0
33804,0,0
33830,0,0
33844,0,0
33854,0,0
33855,0,0
33857,0,0
33867,0,0
33884,0,0
33886,0,0
33889,0,0
33904,0,0
33916,0,0
33917,0,0
33920,0,0
33921,0,0
33924,0,0
33930,0,0
33935,0,0
33938,0,0
33940,0,0
33951,0,0
33962,0,0
33968,0,0
33976,0,0
33977,0,0
33985,0,0
33986,0,0
33988,0,0
34000,0,0
34017,0,0
34055,0,0
34070,0,0
34071,0,0
34076,0,0
34079,0,0
34083,0,0
34090,0,0
34093,0,0
34094,0,0
34104,0,0
34110,0,0
34130,0,0
34131,0,0
34133,0,0
34134,0,0
34135,0,0
34137,0,0
34138,0,0
34139,0,0
34140,0,0
34141,0,0
34147,0,0
34150,0,0
34158,0,0
34162,0,0
34165,0,0
34166,0,0
34168,0,0
34177,0,0
34184,0,0
34187,0,0
34189,0,0
34196,0,0
34198,0,0
34199,0,0
34201,0,0
34202,0,0
34204,0,0
34205,0,0
34207,0,0
34210,0,0
34211,0,0
34213,0,0
34219,0,0
34225,0,0
34227,0,0
34230,0,0
34232,0,0
34233,0,0
34236,0,0
34238,0,0
34239,0,0
34241,0,0
34242,0,0
34243,0,0
34249,0,0
34250,0,0
34252,0,0
34273,0,0
34274,0,0
34275,0,0
34280,0,0
34294,0,0
34295,0,0
34296,0,0
34300,0,0
34307,0,0
34315,0,0
34317,0,0
34318,0,0
34319,0,0
34338,0,0
34340,0,0
34341,0,0
34347,0,0
34377,0,0
34378,0,0
34380,0,0
34382,0,0
34389,0,0
34394,0,0
34397,0,0
34399,0,0
34401,0,0
34415,0,0
34431,0,0
34432,0,0
34433,0,0
34441,0,0
34477,0,0
34480,0,0
34482,0,0
34488,0,0
34489,0,0
34490,0,0
34491,0,0
34492,0,0
34493,0,0
34496,0,0
34502,0,0
34507,0,0
34510,0,0
34511,0,0
34534,0,0
34538,0,0
34546,0,0
34558,0,0
34568,0,0
34578,0,0
34584,0,0
34585,0,0
34590,0,0
34592,0,0
34599,0,0
34612,0,0
34622,0,0
34625,0,0
34626,0,0
34628,0,0
34629,0,0
34632,0,0
34633,0,0
34636,0,0
34637,0,0
34638,0,0
34639,0,0
34647,0,0
34648,0,0
34651,0,0
34652,0,0
34653,0,0
34657,0,0
34662,0,0
34663,0,0
34668,0,0
34673,0,0
34674,0,0
34675,0,0
34676,0,0
34677,0,0
34678,0,0
34679,0,0
34681,0,0
34682,0,0
34692,0,0
34693,0,0
34694,0,0
34695,0,0
34696,0,0
34697,0,0
34706,0,0
34707,0,0
34708,0,0
34712,0,0
34713,0,0
34722,0,0
34725,0,0
34730,0,0
34739,0,0
34764,0,0
34767,0,0
34772,0,0
34775,0,0
34776,0,0
34777,0,0
34778,0,0
34779,0,0
34780,0,0
34781,0,0
34782,0,0
34783,0,0
34785,0,0
34787,0,0
34789,0,0
34860,0,0
34867,0,0
34868,0,0
34894,0,0
34897,0,0
34905,0,0
34906,0,0
34907,91,0
34908,90,0
34909,0,0
34911,0,0
34913,0,0
34914,0,0
34947,0,0
34948,0,0
34958,0,0
34985,0,0
34999,0,0
35001,0,0
35004,0,0
35005,0,0
35010,0,0
35011,0,0
35034,0,0
35038,0,0
35235,0,0
35236,0,0
35241,0,0
35242,0,0
35243,0,0
35246,0,0
35247,0,0
35248,0,0
35252,0,0
35253,0,0
35257,0,0
35259,0,0
35305,0,0
35529,0,0
35530,0,0
35534,0,0
35559,0,0
35588,0,0
35589,0,0
35621,0,0
35625,0,0
35627,0,0
35628,0,0
35630,0,0
35632,0,0
35633,0,0
35641,0,0
35643,0,0
35982,0,0
36087,0,0
36202,0,0
36203,0,0
36204,0,0
36205,0,0
36206,0,0
36207,0,0
36208,0,0
36210,0,0
36211,0,0
36212,0,0
36213,0,0
36216,0,0
36217,0,0
36218,0,0
36219,0,0
36220,0,0
36223,0,0
36224,0,0
36225,0,0
36228,0,0
36229,0,0
36234,0,0
36235,0,0
36236,0,0
36237,0,0
36238,0,0
36243,0,0
36253,0,0
36255,0,0
36261,0,0
36262,0,0
36268,0,0
36282,0,0
36284,0,0
36294,0,0
36311,0,0
36319,0,0
36321,0,0
36339,0,0
36349,0,0
36368,0,0
36378,0,0
36381,0,0
36382,0,0
36397,0,0
36405,0,0
36406,0,0
36417,0,0
40001,0,0
40003,0,0
40005,0,0
40010,0,0
40019,0,0
40022,0,0
40044,0,0
40059,0,0
40061,0,0
40062,0,0
40063,0,0
40201,0,0
40202,0,0
40206,0,0
40209,0,0
40210,0,0
40213,0,0
40221,0,0
40223,0,0
40227,0,0
40237,0,0
40238,0,0
40258,0,0
40376,0,0
40391,0,0
40392,0,0
40406,0,0
40409,0,0
40414,0,0
40418,0,0
42266,0,0
42268,0,0
42270,0,0
42276,0,0
42278,0,0
42282,0,0
42296,0,0
42316,0,0
42330,0,0
42332,0,0
42334,0,0
42335,0,0
