ORG,DES,PERIOD,ITERATION,MODE,A,B,TIME,COST,LENGTH,TRIPS
2,165,24,4,SOV,2,14347,10.69,0.00,2.23,0.098
2,165,24,4,SOV,14347,14341,10.82,0.00,2.30,0.098
2,165,24,4,SOV,14341,14343,11.66,0.00,2.82,0.098
2,165,24,4,SOV,14343,12112,11.80,0.00,2.90,0.098
2,165,24,4,SOV,12112,14337,12.01,0.00,3.04,0.098
2,165,24,4,SOV,14337,14339,12.24,0.00,3.18,0.098
2,165,24,4,SOV,14339,14331,12.50,0.00,3.34,0.098
2,165,24,4,SOV,14331,12118,13.47,0.00,3.64,0.098
2,165,24,4,SOV,12118,17221,13.58,0.00,3.72,0.098
2,165,24,4,SOV,17221,17225,13.93,0.00,4.06,0.098
2,165,24,4,SOV,17225,17229,14.40,0.00,4.51,0.098
2,165,24,4,SOV,17229,17935,14.67,0.00,4.77,0.098
2,165,24,4,SOV,17935,17237,15.14,0.00,5.23,0.098
2,165,24,4,SOV,17237,17241,15.28,0.00,5.36,0.098
2,165,24,4,SOV,17241,12232,15.37,0.00,5.47,0.098
2,165,24,4,SOV,12232,17245,15.81,0.00,5.97,0.098
2,165,24,4,SOV,17245,17249,16.18,0.00,6.39,0.098
2,165,24,4,SOV,17249,17253,16.44,0.00,6.68,0.098
2,165,24,4,SOV,17253,17257,17.16,0.00,7.50,0.098
2,165,24,4,SOV,17257,17265,17.66,0.00,8.07,0.098
2,165,24,4,SOV,17265,17269,18.27,0.00,8.77,0.098
2,165,24,4,SOV,17269,17273,18.78,0.00,9.35,0.098
2,165,24,4,SOV,17273,17277,19.45,0.00,10.11,0.098
2,165,24,4,SOV,17277,17281,19.89,0.00,10.62,0.098
2,165,24,4,SOV,17281,17285,20.65,0.00,11.48,0.098
2,165,24,4,SOV,17285,17289,21.22,0.00,12.13,0.098
2,165,24,4,SOV,17289,17293,21.40,0.00,12.34,0.098
2,165,24,4,SOV,17293,17297,21.57,0.00,12.53,0.098
2,165,24,4,SOV,17297,17301,22.15,0.00,13.19,0.098
2,165,24,4,SOV,17301,17305,22.79,0.00,13.92,0.098
2,165,24,4,SOV,17305,17309,23.59,0.00,14.83,0.098
2,165,24,4,SOV,17309,12332,23.65,0.00,14.90,0.098
2,165,24,4,SOV,12332,17313,24.04,0.00,15.35,0.098
2,165,24,4,SOV,17313,15390,24.18,0.00,15.51,0.098
2,165,24,4,SOV,15390,17317,24.24,0.00,15.56,0.098
2,165,24,4,SOV,17317,17321,24.77,0.00,16.17,0.098
2,165,24,4,SOV,17321,12386,24.80,0.00,16.20,0.098
2,165,24,4,SOV,12386,12382,25.06,0.00,16.50,0.098
2,165,24,4,SOV,12382,17325,25.09,0.00,16.53,0.098
2,165,24,4,SOV,17325,17329,25.62,0.00,17.14,0.098
2,165,24,4,SOV,17329,12378,25.64,0.00,17.17,0.098
2,165,24,4,SOV,12378,18077,26.09,0.00,17.67,0.098
2,165,24,4,SOV,18077,17333,28.14,0.00,20.01,0.098
2,165,24,4,SOV,17333,18071,28.30,0.00,20.19,0.098
2,165,24,4,SOV,18071,17337,28.47,0.00,20.38,0.098
2,165,24,4,SOV,17337,18069,28.74,0.00,20.69,0.098
2,165,24,4,SOV,18069,17341,29.02,0.00,21.01,0.098
2,165,24,4,SOV,17341,12374,29.04,0.00,21.03,0.098
2,165,24,4,SOV,12374,18059,29.64,0.00,21.72,0.098
2,165,24,4,SOV,18059,17345,29.83,0.00,21.94,0.098
2,165,24,4,SOV,17345,17349,30.34,0.00,22.52,0.098
2,165,24,4,SOV,17349,12709,30.43,0.00,22.62,0.098
2,165,24,4,SOV,12709,12717,30.75,0.00,22.98,0.098
2,165,24,4,SOV,12717,12677,30.89,0.00,23.14,0.098
2,165,24,4,SOV,12677,12681,31.46,0.00,23.78,0.098
2,165,24,4,SOV,12681,12725,31.52,0.00,23.84,0.098
2,165,24,4,SOV,12725,17353,32.38,0.00,24.80,0.098
2,165,24,4,SOV,17353,17357,32.51,0.00,24.95,0.098
2,165,24,4,SOV,17357,12733,32.64,0.00,25.10,0.098
2,165,24,4,SOV,12733,17361,32.66,0.00,25.12,0.098
2,165,24,4,SOV,17361,18037,32.89,0.00,25.38,0.098
2,165,24,4,SOV,18037,17365,33.24,0.00,25.77,0.098
2,165,24,4,SOV,17365,12741,33.27,0.00,25.81,0.098
2,165,24,4,SOV,12741,17373,34.53,0.00,27.21,0.098
2,165,24,4,SOV,17373,12753,34.77,0.00,27.48,0.098
2,165,24,4,SOV,12753,17377,34.80,0.00,27.51,0.098
2,165,24,4,SOV,17377,12216,35.09,0.00,27.84,0.098
2,165,24,4,SOV,12216,17381,35.36,0.00,28.15,0.098
2,165,24,4,SOV,17381,12761,35.43,0.00,28.23,0.098
2,165,24,4,SOV,12761,17389,35.71,0.00,28.54,0.098
2,165,24,4,SOV,17389,12769,35.84,0.00,28.69,0.098
2,165,24,4,SOV,12769,17393,35.88,0.00,28.74,0.098
2,165,24,4,SOV,17393,22348,36.17,0.00,29.06,0.098
2,165,24,4,SOV,22348,17397,36.44,0.00,29.37,0.098
2,165,24,4,SOV,17397,12777,36.57,0.00,29.52,0.098
2,165,24,4,SOV,12777,26004,37.71,0.00,30.81,0.098
2,165,24,4,SOV,26004,21462,37.79,0.00,30.89,0.098
2,165,24,4,SOV,21462,26006,37.88,0.00,30.99,0.098
2,165,24,4,SOV,26006,22334,38.14,0.00,31.29,0.098
2,165,24,4,SOV,22334,26008,38.42,0.00,31.61,0.098
2,165,24,4,SOV,26008,21465,38.53,0.00,31.73,0.098
2,165,24,4,SOV,21465,21466,38.88,0.00,32.13,0.098
2,165,24,4,SOV,21466,26094,38.91,0.00,32.16,0.098
2,165,24,4,SOV,26094,26096,39.18,0.00,32.47,0.098
2,165,24,4,SOV,26096,21468,39.35,0.00,32.66,0.098
2,165,24,4,SOV,21468,21470,40.74,0.00,34.23,0.098
2,165,24,4,SOV,21470,26012,40.76,0.00,34.24,0.098
2,165,24,4,SOV,26012,22316,40.87,0.00,34.38,0.098
2,165,24,4,SOV,22316,26014,40.99,0.00,34.51,0.098
2,165,24,4,SOV,26014,21472,41.17,0.00,34.72,0.098
2,165,24,4,SOV,21472,21474,41.59,0.00,35.20,0.098
2,165,24,4,SOV,21474,26018,41.61,0.00,35.22,0.098
2,165,24,4,SOV,26018,22284,41.84,0.00,35.48,0.098
2,165,24,4,SOV,22284,22286,41.93,0.00,35.57,0.098
2,165,24,4,SOV,22286,26020,42.20,0.00,35.88,0.098
2,165,24,4,SOV,26020,21479,42.30,0.00,36.00,0.098
2,165,24,4,SOV,21479,26022,42.38,0.00,36.08,0.098
2,165,24,4,SOV,26022,21487,43.53,0.00,37.38,0.098
2,165,24,4,SOV,21487,26024,43.56,0.00,37.42,0.098
2,165,24,4,SOV,26024,22268,43.74,0.00,37.62,0.098
2,165,24,4,SOV,22268,26026,43.94,0.00,37.85,0.098
2,165,24,4,SOV,26026,21491,43.96,0.00,37.87,0.098
2,165,24,4,SOV,21491,26028,45.02,0.00,39.08,0.098
2,165,24,4,SOV,26028,21497,45.18,0.00,39.25,0.098
2,165,24,4,SOV,21497,26030,45.27,0.00,39.36,0.098
2,165,24,4,SOV,26030,22260,45.50,0.00,39.61,0.098
2,165,24,4,SOV,22260,26034,45.99,0.00,40.16,0.098
2,165,24,4,SOV,26034,21508,46.05,0.00,40.22,0.098
2,165,24,4,SOV,21508,21514,46.45,0.00,40.67,0.098
2,165,24,4,SOV,21514,26036,46.53,0.00,40.76,0.098
2,165,24,4,SOV,26036,26038,46.74,0.00,40.99,0.098
2,165,24,4,SOV,26038,22254,46.82,0.00,41.08,0.098
2,165,24,4,SOV,22254,21532,46.84,0.00,41.10,0.098
2,165,24,4,SOV,21532,26040,47.01,0.00,41.29,0.098
2,165,24,4,SOV,26040,21544,47.82,0.00,42.19,0.098
2,165,24,4,SOV,21544,26042,47.88,0.00,42.26,0.098
2,165,24,4,SOV,26042,22250,48.04,0.00,42.44,0.098
2,165,24,4,SOV,22250,26044,48.25,0.00,42.68,0.098
2,165,24,4,SOV,26044,21552,48.31,0.00,42.74,0.098
2,165,24,4,SOV,21552,26046,49.22,0.00,43.77,0.098
2,165,24,4,SOV,26046,21564,49.78,0.00,44.40,0.098
2,165,24,4,SOV,21564,26048,49.88,0.00,44.51,0.098
2,165,24,4,SOV,26048,26050,50.13,0.00,44.79,0.098
2,165,24,4,SOV,26050,21576,50.18,0.00,44.84,0.098
2,165,24,4,SOV,21576,21594,50.69,0.00,45.41,0.098
2,165,24,4,SOV,21594,26052,50.81,0.00,45.54,0.098
2,165,24,4,SOV,26052,20061,51.29,0.00,46.07,0.098
2,165,24,4,SOV,20061,20064,51.34,0.00,46.12,0.098
2,165,24,4,SOV,20064,20239,51.40,0.00,46.19,0.098
2,165,24,4,SOV,20239,21620,51.61,0.00,46.43,0.098
2,165,24,4,SOV,21620,21628,51.99,0.00,46.85,0.098
2,165,24,4,SOV,21628,20070,52.10,0.00,46.97,0.098
2,165,24,4,SOV,20070,21634,52.79,0.00,47.71,0.098
2,165,24,4,SOV,21634,26060,52.87,0.00,47.80,0.098
2,165,24,4,SOV,26060,21646,53.18,0.00,48.14,0.098
2,165,24,4,SOV,21646,21658,53.41,0.00,48.38,0.098
2,165,24,4,SOV,21658,21665,53.54,0.00,48.53,0.098
2,165,24,4,SOV,21665,20278,53.95,0.00,48.97,0.098
2,165,24,4,SOV,20278,20049,54.08,0.00,49.11,0.098
2,165,24,4,SOV,20049,21672,54.42,0.00,49.48,0.098
2,165,24,4,SOV,21672,26066,54.78,0.00,49.87,0.098
2,165,24,4,SOV,26066,21684,54.88,0.00,49.98,0.098
2,165,24,4,SOV,21684,21692,55.36,0.00,50.51,0.098
2,165,24,4,SOV,21692,26068,55.44,0.00,50.61,0.098
2,165,24,4,SOV,26068,26070,55.71,0.00,50.90,0.098
2,165,24,4,SOV,26070,21703,55.76,0.00,50.96,0.098
2,165,24,4,SOV,21703,21710,56.34,0.00,51.61,0.098
2,165,24,4,SOV,21710,26072,56.39,0.00,51.67,0.098
2,165,24,4,SOV,26072,26074,56.61,0.00,51.91,0.098
2,165,24,4,SOV,26074,21720,56.67,0.00,51.98,0.098
2,165,24,4,SOV,21720,26076,57.12,0.00,52.48,0.098
2,165,24,4,SOV,26076,21736,57.70,0.00,53.13,0.098
2,165,24,4,SOV,21736,26078,57.79,0.00,53.23,0.098
2,165,24,4,SOV,26078,26080,58.06,0.00,53.53,0.098
2,165,24,4,SOV,26080,21750,58.10,0.00,53.58,0.098
2,165,24,4,SOV,21750,21759,58.60,0.00,54.13,0.098
2,165,24,4,SOV,21759,26082,58.69,0.00,54.23,0.098
2,165,24,4,SOV,26082,26084,58.93,0.00,54.50,0.098
2,165,24,4,SOV,26084,21766,58.99,0.00,54.57,0.098
2,165,24,4,SOV,21766,21774,59.34,0.00,54.95,0.098
2,165,24,4,SOV,21774,26086,59.40,0.00,55.02,0.098
2,165,24,4,SOV,26086,26088,59.64,0.00,55.28,0.098
2,165,24,4,SOV,26088,21788,59.73,0.00,55.37,0.098
2,165,24,4,SOV,21788,31477,60.25,0.00,55.92,0.098
2,165,24,4,SOV,31477,30336,60.98,0.00,56.53,0.098
2,165,24,4,SOV,30336,28130,61.04,0.00,56.58,0.098
2,165,24,4,SOV,28130,30341,61.13,0.00,56.66,0.098
2,165,24,4,SOV,30341,30346,63.78,0.00,58.43,0.098
2,165,24,4,SOV,30346,30332,63.92,0.00,58.56,0.098
2,165,24,4,SOV,30332,31537,63.94,0.00,58.58,0.026
2,165,24,4,SOV,31537,31547,64.03,0.00,58.70,0.026
2,165,24,4,SOV,31547,31877,65.88,0.00,61.12,0.026
2,165,24,4,SOV,31877,31337,66.07,0.00,61.36,0.026
2,165,24,4,SOV,31337,31317,66.22,0.00,61.55,0.026
2,165,24,4,SOV,31317,31297,66.70,0.78,62.19,0.026
2,165,24,4,SOV,31297,31269,67.66,0.78,63.43,0.026
2,165,24,4,SOV,31269,31262,68.24,0.78,64.19,0.026
2,165,24,4,SOV,31262,31147,70.14,0.78,66.67,0.026
2,165,24,4,SOV,31147,31127,70.35,0.78,66.95,0.026
2,165,24,4,SOV,31127,29644,71.18,0.78,68.02,0.026
2,165,24,4,SOV,29644,31101,71.21,0.78,68.06,0.026
2,165,24,4,SOV,31101,28119,71.72,0.78,68.72,0.026
2,165,24,4,SOV,28119,28120,71.73,0.78,68.73,0.026
2,165,24,4,SOV,28120,31481,73.08,0.78,69.69,0.026
2,165,24,4,SOV,31481,30459,73.40,0.78,69.83,0.026
2,165,24,4,SOV,30459,33004,74.02,0.78,70.17,0.026
2,165,24,4,SOV,33004,31473,74.44,0.78,70.38,0.026
2,165,24,4,SOV,31473,31475,74.80,0.78,70.63,0.026
2,165,24,4,SOV,31475,31476,74.90,0.78,70.69,0.026
2,165,24,4,SOV,31476,31659,75.19,0.78,70.89,0.026
2,165,24,4,SOV,31659,31660,75.30,0.78,70.96,0.026
2,165,24,4,SOV,31660,31661,75.39,0.78,71.02,0.026
2,165,24,4,SOV,31661,31662,75.66,0.78,71.12,0.026
2,165,24,4,SOV,31662,165,76.67,0.78,71.33,0.026
2,165,24,4,SOV,30332,42335,63.96,0.00,58.59,0.072
2,165,24,4,SOV,42335,34296,64.11,0.00,58.70,0.072
2,165,24,4,SOV,34296,28758,65.05,0.00,59.41,0.072
2,165,24,4,SOV,28758,28759,65.59,0.00,59.89,0.072
2,165,24,4,SOV,28759,28761,66.00,0.00,60.27,0.072
2,165,24,4,SOV,28761,28762,66.34,0.00,60.56,0.072
2,165,24,4,SOV,28762,28764,66.78,0.00,60.88,0.072
2,165,24,4,SOV,28764,28749,67.31,0.00,61.11,0.072
2,165,24,4,SOV,28749,30352,67.97,0.00,61.36,0.072
2,165,24,4,SOV,30352,30351,68.24,0.00,61.54,0.072
2,165,24,4,SOV,30351,30358,69.25,0.00,62.22,0.072
2,165,24,4,SOV,30358,30359,69.55,0.00,62.47,0.072
2,165,24,4,SOV,30359,30364,70.13,0.00,62.96,0.072
2,165,24,4,SOV,30364,30363,70.22,0.00,63.03,0.072
2,165,24,4,SOV,30363,30366,70.77,0.00,63.43,0.072
2,165,24,4,SOV,30366,30371,71.92,0.00,64.23,0.072
2,165,24,4,SOV,30371,30372,72.31,0.00,64.52,0.072
2,165,24,4,SOV,30372,30377,72.68,0.00,64.76,0.072
2,165,24,4,SOV,30377,30376,73.09,0.00,65.04,0.072
2,165,24,4,SOV,30376,30383,73.93,0.00,65.55,0.072
2,165,24,4,SOV,30383,30382,74.50,0.00,66.00,0.072
2,165,24,4,SOV,30382,28067,75.37,0.00,66.53,0.072
2,165,24,4,SOV,28067,30389,75.70,0.00,66.69,0.072
2,165,24,4,SOV,30389,30388,76.08,0.00,66.95,0.072
2,165,24,4,SOV,30388,29640,77.90,0.00,68.04,0.072
2,165,24,4,SOV,29640,30416,77.96,0.00,68.07,0.072
2,165,24,4,SOV,30416,31208,79.59,0.00,68.72,0.072
2,165,24,4,SOV,31208,28120,79.61,0.00,68.74,0.072
2,165,24,4,SOV,28120,31481,81.00,0.00,69.69,0.072
2,165,24,4,SOV,31481,30459,81.32,0.00,69.84,0.072
2,165,24,4,SOV,30459,33004,81.96,0.00,70.18,0.072
2,165,24,4,SOV,33004,31473,82.40,0.00,70.39,0.072
2,165,24,4,SOV,31473,31475,82.79,0.00,70.63,0.072
2,165,24,4,SOV,31475,31476,82.90,0.00,70.70,0.072
2,165,24,4,SOV,31476,31659,83.21,0.00,70.90,0.072
2,165,24,4,SOV,31659,31660,83.32,0.00,70.97,0.072
2,165,24,4,SOV,31660,31661,83.41,0.00,71.03,0.072
2,165,24,4,SOV,31661,31662,83.68,0.00,71.13,0.072
2,165,24,4,SOV,31662,165,84.69,0.00,71.34,0.072
2,165,24,4,HOV3,2,14347,10.69,0.00,2.23,0.100
2,165,24,4,HOV3,14347,14341,10.82,0.00,2.30,0.100
2,165,24,4,HOV3,14341,14343,11.66,0.00,2.82,0.100
2,165,24,4,HOV3,14343,12112,11.80,0.00,2.90,0.100
2,165,24,4,HOV3,12112,14337,12.01,0.00,3.04,0.100
2,165,24,4,HOV3,14337,14339,12.24,0.00,3.18,0.100
2,165,24,4,HOV3,14339,14331,12.50,0.00,3.34,0.100
2,165,24,4,HOV3,14331,12118,13.47,0.00,3.64,0.100
2,165,24,4,HOV3,12118,17221,13.58,0.00,3.72,0.100
2,165,24,4,HOV3,17221,17225,13.93,0.00,4.06,0.100
2,165,24,4,HOV3,17225,17229,14.40,0.00,4.51,0.100
2,165,24,4,HOV3,17229,17935,14.67,0.00,4.77,0.100
2,165,24,4,HOV3,17935,17237,15.14,0.00,5.23,0.100
2,165,24,4,HOV3,17237,17241,15.28,0.00,5.36,0.100
2,165,24,4,HOV3,17241,12232,15.37,0.00,5.47,0.100
2,165,24,4,HOV3,12232,17245,15.81,0.00,5.97,0.100
2,165,24,4,HOV3,17245,17249,16.18,0.00,6.39,0.100
2,165,24,4,HOV3,17249,17253,16.44,0.00,6.68,0.100
2,165,24,4,HOV3,17253,17257,17.16,0.00,7.50,0.100
2,165,24,4,HOV3,17257,17265,17.66,0.00,8.07,0.100
2,165,24,4,HOV3,17265,17269,18.27,0.00,8.77,0.100
2,165,24,4,HOV3,17269,17273,18.78,0.00,9.35,0.100
2,165,24,4,HOV3,17273,17277,19.45,0.00,10.11,0.100
2,165,24,4,HOV3,17277,17281,19.89,0.00,10.62,0.100
2,165,24,4,HOV3,17281,17285,20.65,0.00,11.48,0.100
2,165,24,4,HOV3,17285,17289,21.22,0.00,12.13,0.100
2,165,24,4,HOV3,17289,17293,21.40,0.00,12.34,0.100
2,165,24,4,HOV3,17293,17297,21.57,0.00,12.53,0.100
2,165,24,4,HOV3,17297,17301,22.15,0.00,13.19,0.100
2,165,24,4,HOV3,17301,17305,22.79,0.00,13.92,0.100
2,165,24,4,HOV3,17305,17309,23.59,0.00,14.83,0.100
2,165,24,4,HOV3,17309,12332,23.65,0.00,14.90,0.100
2,165,24,4,HOV3,12332,17313,24.04,0.00,15.35,0.100
2,165,24,4,HOV3,17313,15390,24.18,0.00,15.51,0.100
2,165,24,4,HOV3,15390,17317,24.24,0.00,15.56,0.100
2,165,24,4,HOV3,17317,17321,24.77,0.00,16.17,0.100
2,165,24,4,HOV3,17321,12386,24.80,0.00,16.20,0.100
2,165,24,4,HOV3,12386,12382,25.06,0.00,16.50,0.100
2,165,24,4,HOV3,12382,17325,25.09,0.00,16.53,0.100
2,165,24,4,HOV3,17325,17329,25.62,0.00,17.14,0.100
2,165,24,4,HOV3,17329,12378,25.64,0.00,17.17,0.100
2,165,24,4,HOV3,12378,18077,26.09,0.00,17.67,0.100
2,165,24,4,HOV3,18077,17333,28.14,0.00,20.01,0.100
2,165,24,4,HOV3,17333,18071,28.30,0.00,20.19,0.100
2,165,24,4,HOV3,18071,17337,28.47,0.00,20.38,0.100
2,165,24,4,HOV3,17337,18069,28.74,0.00,20.69,0.100
2,165,24,4,HOV3,18069,17341,29.02,0.00,21.01,0.100
2,165,24,4,HOV3,17341,12374,29.04,0.00,21.03,0.100
2,165,24,4,HOV3,12374,18059,29.64,0.00,21.72,0.100
2,165,24,4,HOV3,18059,17345,29.83,0.00,21.94,0.100
2,165,24,4,HOV3,17345,17349,30.34,0.00,22.52,0.100
2,165,24,4,HOV3,17349,12709,30.43,0.00,22.62,0.100
2,165,24,4,HOV3,12709,12717,30.75,0.00,22.98,0.100
2,165,24,4,HOV3,12717,12677,30.89,0.00,23.14,0.100
2,165,24,4,HOV3,12677,12681,31.46,0.00,23.78,0.100
2,165,24,4,HOV3,12681,12725,31.52,0.00,23.84,0.100
2,165,24,4,HOV3,12725,17353,32.38,0.00,24.80,0.100
2,165,24,4,HOV3,17353,17357,32.51,0.00,24.95,0.100
2,165,24,4,HOV3,17357,12733,32.64,0.00,25.10,0.100
2,165,24,4,HOV3,12733,17361,32.66,0.00,25.12,0.100
2,165,24,4,HOV3,17361,18037,32.89,0.00,25.38,0.100
2,165,24,4,HOV3,18037,17365,33.24,0.00,25.77,0.100
2,165,24,4,HOV3,17365,12741,33.27,0.00,25.81,0.100
2,165,24,4,HOV3,12741,17373,34.53,0.00,27.21,0.100
2,165,24,4,HOV3,17373,12753,34.77,0.00,27.48,0.100
2,165,24,4,HOV3,12753,17377,34.80,0.00,27.51,0.100
2,165,24,4,HOV3,17377,12216,35.09,0.00,27.84,0.100
2,165,24,4,HOV3,12216,17381,35.36,0.00,28.15,0.100
2,165,24,4,HOV3,17381,12761,35.43,0.00,28.23,0.100
2,165,24,4,HOV3,12761,17389,35.71,0.00,28.54,0.100
2,165,24,4,HOV3,17389,12769,35.84,0.00,28.69,0.100
2,165,24,4,HOV3,12769,17393,35.88,0.00,28.74,0.100
2,165,24,4,HOV3,17393,22348,36.17,0.00,29.06,0.100
2,165,24,4,HOV3,22348,17397,36.44,0.00,29.37,0.100
2,165,24,4,HOV3,17397,12777,36.57,0.00,29.52,0.100
2,165,24,4,HOV3,12777,26004,37.71,0.00,30.81,0.100
2,165,24,4,HOV3,26004,21462,37.79,0.00,30.89,0.100
2,165,24,4,HOV3,21462,26006,37.88,0.00,30.99,0.100
2,165,24,4,HOV3,26006,22334,38.14,0.00,31.29,0.100
2,165,24,4,HOV3,22334,26008,38.42,0.00,31.61,0.100
2,165,24,4,HOV3,26008,21465,38.53,0.00,31.73,0.100
2,165,24,4,HOV3,21465,21466,38.88,0.00,32.13,0.100
2,165,24,4,HOV3,21466,26094,38.91,0.00,32.16,0.100
2,165,24,4,HOV3,26094,26096,39.18,0.00,32.47,0.100
2,165,24,4,HOV3,26096,21468,39.35,0.00,32.66,0.100
2,165,24,4,HOV3,21468,21470,40.74,0.00,34.23,0.100
2,165,24,4,HOV3,21470,26012,40.76,0.00,34.24,0.100
2,165,24,4,HOV3,26012,22316,40.87,0.00,34.38,0.100
2,165,24,4,HOV3,22316,26014,40.99,0.00,34.51,0.100
2,165,24,4,HOV3,26014,21472,41.17,0.00,34.72,0.100
2,165,24,4,HOV3,21472,21474,41.59,0.00,35.20,0.100
2,165,24,4,HOV3,21474,26018,41.61,0.00,35.22,0.100
2,165,24,4,HOV3,26018,22284,41.84,0.00,35.48,0.100
2,165,24,4,HOV3,22284,22286,41.93,0.00,35.57,0.100
2,165,24,4,HOV3,22286,26020,42.20,0.00,35.88,0.100
2,165,24,4,HOV3,26020,21479,42.30,0.00,36.00,0.100
2,165,24,4,HOV3,21479,26022,42.38,0.00,36.08,0.100
2,165,24,4,HOV3,26022,21487,43.53,0.00,37.38,0.100
2,165,24,4,HOV3,21487,26024,43.56,0.00,37.42,0.100
2,165,24,4,HOV3,26024,22268,43.74,0.00,37.62,0.100
2,165,24,4,HOV3,22268,26026,43.94,0.00,37.85,0.100
2,165,24,4,HOV3,26026,21491,43.96,0.00,37.87,0.100
2,165,24,4,HOV3,21491,26028,45.02,0.00,39.08,0.100
2,165,24,4,HOV3,26028,21497,45.18,0.00,39.25,0.100
2,165,24,4,HOV3,21497,26030,45.27,0.00,39.36,0.100
2,165,24,4,HOV3,26030,22260,45.50,0.00,39.61,0.100
2,165,24,4,HOV3,22260,26034,45.99,0.00,40.16,0.100
2,165,24,4,HOV3,26034,21508,46.05,0.00,40.22,0.100
2,165,24,4,HOV3,21508,21514,46.45,0.00,40.67,0.100
2,165,24,4,HOV3,21514,26036,46.53,0.00,40.76,0.100
2,165,24,4,HOV3,26036,26038,46.74,0.00,40.99,0.100
2,165,24,4,HOV3,26038,22254,46.82,0.00,41.08,0.100
2,165,24,4,HOV3,22254,21532,46.84,0.00,41.10,0.100
2,165,24,4,HOV3,21532,26040,47.01,0.00,41.29,0.100
2,165,24,4,HOV3,26040,21544,47.82,0.00,42.19,0.100
2,165,24,4,HOV3,21544,26042,47.88,0.00,42.26,0.100
2,165,24,4,HOV3,26042,22250,48.04,0.00,42.44,0.100
2,165,24,4,HOV3,22250,26044,48.25,0.00,42.68,0.100
2,165,24,4,HOV3,26044,21552,48.31,0.00,42.74,0.100
2,165,24,4,HOV3,21552,26046,49.22,0.00,43.77,0.100
2,165,24,4,HOV3,26046,21564,49.78,0.00,44.40,0.100
2,165,24,4,HOV3,21564,26048,49.88,0.00,44.51,0.100
2,165,24,4,HOV3,26048,26050,50.13,0.00,44.79,0.100
2,165,24,4,HOV3,26050,21576,50.18,0.00,44.84,0.100
2,165,24,4,HOV3,21576,21594,50.69,0.00,45.41,0.100
2,165,24,4,HOV3,21594,26052,50.81,0.00,45.54,0.100
2,165,24,4,HOV3,26052,20061,51.29,0.00,46.07,0.100
2,165,24,4,HOV3,20061,20064,51.34,0.00,46.12,0.100
2,165,24,4,HOV3,20064,20239,51.40,0.00,46.19,0.100
2,165,24,4,HOV3,20239,21620,51.61,0.00,46.43,0.100
2,165,24,4,HOV3,21620,21628,51.99,0.00,46.85,0.100
2,165,24,4,HOV3,21628,20070,52.10,0.00,46.97,0.100
2,165,24,4,HOV3,20070,21634,52.79,0.00,47.71,0.100
2,165,24,4,HOV3,21634,26060,52.87,0.00,47.80,0.100
2,165,24,4,HOV3,26060,21646,53.18,0.00,48.14,0.100
2,165,24,4,HOV3,21646,21658,53.41,0.00,48.38,0.100
2,165,24,4,HOV3,21658,21665,53.54,0.00,48.53,0.100
2,165,24,4,HOV3,21665,20278,53.95,0.00,48.97,0.100
2,165,24,4,HOV3,20278,20049,54.08,0.00,49.11,0.100
2,165,24,4,HOV3,20049,21672,54.42,0.00,49.48,0.100
2,165,24,4,HOV3,21672,26066,54.78,0.00,49.87,0.100
2,165,24,4,HOV3,26066,21684,54.88,0.00,49.98,0.100
2,165,24,4,HOV3,21684,21692,55.36,0.00,50.51,0.100
2,165,24,4,HOV3,21692,26068,55.44,0.00,50.61,0.100
2,165,24,4,HOV3,26068,26070,55.71,0.00,50.90,0.100
2,165,24,4,HOV3,26070,21703,55.76,0.00,50.96,0.100
2,165,24,4,HOV3,21703,21710,56.34,0.00,51.61,0.100
2,165,24,4,HOV3,21710,26072,56.39,0.00,51.67,0.100
2,165,24,4,HOV3,26072,26074,56.61,0.00,51.91,0.100
2,165,24,4,HOV3,26074,21720,56.67,0.00,51.98,0.100
2,165,24,4,HOV3,21720,26076,57.12,0.00,52.48,0.100
2,165,24,4,HOV3,26076,21736,57.70,0.00,53.13,0.100
2,165,24,4,HOV3,21736,26078,57.79,0.00,53.23,0.100
2,165,24,4,HOV3,26078,26080,58.06,0.00,53.53,0.100
2,165,24,4,HOV3,26080,21750,58.10,0.00,53.58,0.100
2,165,24,4,HOV3,21750,21759,58.60,0.00,54.13,0.100
2,165,24,4,HOV3,21759,26082,58.69,0.00,54.23,0.100
2,165,24,4,HOV3,26082,26084,58.93,0.00,54.50,0.100
2,165,24,4,HOV3,26084,21766,58.99,0.00,54.57,0.100
2,165,24,4,HOV3,21766,21774,59.34,0.00,54.95,0.100
2,165,24,4,HOV3,21774,26086,59.40,0.00,55.02,0.100
2,165,24,4,HOV3,26086,26088,59.64,0.00,55.28,0.100
2,165,24,4,HOV3,26088,21788,59.73,0.00,55.37,0.100
2,165,24,4,HOV3,21788,31477,60.25,0.00,55.92,0.100
2,165,24,4,HOV3,31477,30336,60.98,0.00,56.53,0.100
2,165,24,4,HOV3,30336,28130,61.04,0.00,56.58,0.100
2,165,24,4,HOV3,28130,30341,61.13,0.00,56.66,0.100
2,165,24,4,HOV3,30341,30346,63.78,0.00,58.43,0.100
2,165,24,4,HOV3,30346,30332,63.92,0.00,58.56,0.100
2,165,24,4,HOV3,30332,31537,63.94,0.00,58.58,0.029
2,165,24,4,HOV3,31537,31547,64.03,0.00,58.70,0.029
2,165,24,4,HOV3,31547,31877,65.88,0.00,61.12,0.029
2,165,24,4,HOV3,31877,31337,66.07,0.00,61.36,0.029
2,165,24,4,HOV3,31337,31317,66.22,0.00,61.55,0.029
2,165,24,4,HOV3,31317,31297,66.70,0.39,62.19,0.029
2,165,24,4,HOV3,31297,31269,67.66,0.39,63.43,0.029
2,165,24,4,HOV3,31269,31262,68.24,0.39,64.19,0.029
2,165,24,4,HOV3,31262,31147,70.14,0.39,66.67,0.029
2,165,24,4,HOV3,31147,31127,70.35,0.39,66.95,0.029
2,165,24,4,HOV3,31127,29644,71.18,0.39,68.02,0.029
2,165,24,4,HOV3,29644,31101,71.21,0.39,68.06,0.029
2,165,24,4,HOV3,31101,28119,71.72,0.39,68.72,0.029
2,165,24,4,HOV3,28119,28120,71.73,0.39,68.73,0.029
2,165,24,4,HOV3,28120,31481,73.08,0.39,69.69,0.029
2,165,24,4,HOV3,31481,30459,73.40,0.39,69.83,0.029
2,165,24,4,HOV3,30459,33004,74.02,0.39,70.17,0.029
2,165,24,4,HOV3,33004,31473,74.44,0.39,70.38,0.029
2,165,24,4,HOV3,31473,31475,74.80,0.39,70.63,0.029
2,165,24,4,HOV3,31475,31476,74.90,0.39,70.69,0.029
2,165,24,4,HOV3,31476,31659,75.19,0.39,70.89,0.029
2,165,24,4,HOV3,31659,31660,75.30,0.39,70.96,0.029
2,165,24,4,HOV3,31660,31661,75.39,0.39,71.02,0.029
2,165,24,4,HOV3,31661,31662,75.66,0.39,71.12,0.029
2,165,24,4,HOV3,31662,165,76.67,0.39,71.33,0.029
2,165,24,4,HOV3,30332,42335,63.96,0.00,58.59,0.071
2,165,24,4,HOV3,42335,34296,64.11,0.00,58.70,0.071
2,165,24,4,HOV3,34296,28758,65.05,0.00,59.41,0.071
2,165,24,4,HOV3,28758,28759,65.59,0.00,59.89,0.071
2,165,24,4,HOV3,28759,28761,66.00,0.00,60.27,0.071
2,165,24,4,HOV3,28761,28762,66.34,0.00,60.56,0.071
2,165,24,4,HOV3,28762,28764,66.78,0.00,60.88,0.071
2,165,24,4,HOV3,28764,28749,67.31,0.00,61.11,0.071
2,165,24,4,HOV3,28749,30352,67.97,0.00,61.36,0.071
2,165,24,4,HOV3,30352,30351,68.24,0.00,61.54,0.071
2,165,24,4,HOV3,30351,30358,69.25,0.00,62.22,0.071
2,165,24,4,HOV3,30358,30359,69.55,0.00,62.47,0.071
2,165,24,4,HOV3,30359,30364,70.13,0.00,62.96,0.071
2,165,24,4,HOV3,30364,30363,70.22,0.00,63.03,0.071
2,165,24,4,HOV3,30363,30366,70.77,0.00,63.43,0.071
2,165,24,4,HOV3,30366,30371,71.92,0.00,64.23,0.071
2,165,24,4,HOV3,30371,30372,72.31,0.00,64.52,0.071
2,165,24,4,HOV3,30372,30377,72.68,0.00,64.76,0.071
2,165,24,4,HOV3,30377,30376,73.09,0.00,65.04,0.071
2,165,24,4,HOV3,30376,30383,73.93,0.00,65.55,0.071
2,165,24,4,HOV3,30383,30382,74.50,0.00,66.00,0.071
2,165,24,4,HOV3,30382,28067,75.37,0.00,66.53,0.071
2,165,24,4,HOV3,28067,30389,75.70,0.00,66.69,0.071
2,165,24,4,HOV3,30389,30388,76.08,0.00,66.95,0.071
2,165,24,4,HOV3,30388,29640,77.90,0.00,68.04,0.071
2,165,24,4,HOV3,29640,30416,77.96,0.00,68.07,0.071
2,165,24,4,HOV3,30416,31208,79.59,0.00,68.72,0.071
2,165,24,4,HOV3,31208,28120,79.61,0.00,68.74,0.071
2,165,24,4,HOV3,28120,31481,81.00,0.00,69.69,0.071
2,165,24,4,HOV3,31481,30459,81.32,0.00,69.84,0.071
2,165,24,4,HOV3,30459,33004,81.96,0.00,70.18,0.071
2,165,24,4,HOV3,33004,31473,82.40,0.00,70.39,0.071
2,165,24,4,HOV3,31473,31475,82.79,0.00,70.63,0.071
2,165,24,4,HOV3,31475,31476,82.90,0.00,70.70,0.071
2,165,24,4,HOV3,31476,31659,83.21,0.00,70.90,0.071
2,165,24,4,HOV3,31659,31660,83.32,0.00,70.97,0.071
2,165,24,4,HOV3,31660,31661,83.41,0.00,71.03,0.071
2,165,24,4,HOV3,31661,31662,83.68,0.00,71.13,0.071
2,165,24,4,HOV3,31662,165,84.69,0.00,71.34,0.071
2,165,24,4,TRK,2,14347,10.69,0.00,2.23,0.100
2,165,24,4,TRK,14347,14341,10.82,0.00,2.30,0.100
2,165,24,4,TRK,14341,14343,11.66,0.00,2.82,0.100
2,165,24,4,TRK,14343,12112,11.80,0.00,2.90,0.100
2,165,24,4,TRK,12112,14337,12.01,0.00,3.04,0.100
2,165,24,4,TRK,14337,14339,12.24,0.00,3.18,0.100
2,165,24,4,TRK,14339,14331,12.50,0.00,3.34,0.100
2,165,24,4,TRK,14331,12118,13.47,0.00,3.64,0.100
2,165,24,4,TRK,12118,17221,13.58,0.00,3.72,0.100
2,165,24,4,TRK,17221,17225,13.93,0.00,4.06,0.100
2,165,24,4,TRK,17225,17229,14.40,0.00,4.51,0.100
2,165,24,4,TRK,17229,17935,14.67,0.00,4.77,0.100
2,165,24,4,TRK,17935,17237,15.14,0.00,5.23,0.100
2,165,24,4,TRK,17237,17241,15.28,0.00,5.36,0.100
2,165,24,4,TRK,17241,12232,15.37,0.00,5.47,0.100
2,165,24,4,TRK,12232,17245,15.81,0.00,5.97,0.100
2,165,24,4,TRK,17245,17249,16.18,0.00,6.39,0.100
2,165,24,4,TRK,17249,17253,16.44,0.00,6.68,0.100
2,165,24,4,TRK,17253,17257,17.16,0.00,7.50,0.100
2,165,24,4,TRK,17257,17265,17.66,0.00,8.07,0.100
2,165,24,4,TRK,17265,17269,18.27,0.00,8.77,0.100
2,165,24,4,TRK,17269,17273,18.78,0.00,9.35,0.100
2,165,24,4,TRK,17273,17277,19.45,0.00,10.11,0.100
2,165,24,4,TRK,17277,17281,19.89,0.00,10.62,0.100
2,165,24,4,TRK,17281,17285,20.65,0.00,11.48,0.100
2,165,24,4,TRK,17285,17289,21.22,0.00,12.13,0.100
2,165,24,4,TRK,17289,17293,21.40,0.00,12.34,0.100
2,165,24,4,TRK,17293,17297,21.57,0.00,12.53,0.100
2,165,24,4,TRK,17297,17301,22.15,0.00,13.19,0.100
2,165,24,4,TRK,17301,17305,22.79,0.00,13.92,0.100
2,165,24,4,TRK,17305,17309,23.59,0.00,14.83,0.100
2,165,24,4,TRK,17309,12332,23.65,0.00,14.90,0.100
2,165,24,4,TRK,12332,17313,24.04,0.00,15.35,0.100
2,165,24,4,TRK,17313,15390,24.18,0.00,15.51,0.100
2,165,24,4,TRK,15390,17317,24.24,0.00,15.56,0.100
2,165,24,4,TRK,17317,17321,24.77,0.00,16.17,0.100
2,165,24,4,TRK,17321,12386,24.80,0.00,16.20,0.100
2,165,24,4,TRK,12386,12382,25.06,0.00,16.50,0.100
2,165,24,4,TRK,12382,17325,25.09,0.00,16.53,0.100
2,165,24,4,TRK,17325,17329,25.62,0.00,17.14,0.100
2,165,24,4,TRK,17329,12378,25.64,0.00,17.17,0.100
2,165,24,4,TRK,12378,18077,26.09,0.00,17.67,0.100
2,165,24,4,TRK,18077,17333,28.14,0.00,20.01,0.100
2,165,24,4,TRK,17333,18071,28.30,0.00,20.19,0.100
2,165,24,4,TRK,18071,17337,28.47,0.00,20.38,0.100
2,165,24,4,TRK,17337,18069,28.74,0.00,20.69,0.100
2,165,24,4,TRK,18069,17341,29.02,0.00,21.01,0.100
2,165,24,4,TRK,17341,12374,29.04,0.00,21.03,0.100
2,165,24,4,TRK,12374,18059,29.64,0.00,21.72,0.100
2,165,24,4,TRK,18059,17345,29.83,0.00,21.94,0.100
2,165,24,4,TRK,17345,17349,30.34,0.00,22.52,0.100
2,165,24,4,TRK,17349,12709,30.43,0.00,22.62,0.100
2,165,24,4,TRK,12709,12717,30.75,0.00,22.98,0.100
2,165,24,4,TRK,12717,12677,30.89,0.00,23.14,0.100
2,165,24,4,TRK,12677,12681,31.46,0.00,23.78,0.100
2,165,24,4,TRK,12681,12725,31.52,0.00,23.84,0.100
2,165,24,4,TRK,12725,17353,32.38,0.00,24.80,0.100
2,165,24,4,TRK,17353,17357,32.51,0.00,24.95,0.100
2,165,24,4,TRK,17357,12733,32.64,0.00,25.10,0.100
2,165,24,4,TRK,12733,17361,32.66,0.00,25.12,0.100
2,165,24,4,TRK,17361,18037,32.89,0.00,25.38,0.100
2,165,24,4,TRK,18037,17365,33.24,0.00,25.77,0.100
2,165,24,4,TRK,17365,12741,33.27,0.00,25.81,0.100
2,165,24,4,TRK,12741,17373,34.53,0.00,27.21,0.100
2,165,24,4,TRK,17373,12753,34.77,0.00,27.48,0.100
2,165,24,4,TRK,12753,17377,34.80,0.00,27.51,0.100
2,165,24,4,TRK,17377,12216,35.09,0.00,27.84,0.100
2,165,24,4,TRK,12216,17381,35.36,0.00,28.15,0.100
2,165,24,4,TRK,17381,12761,35.43,0.00,28.23,0.100
2,165,24,4,TRK,12761,17389,35.71,0.00,28.54,0.100
2,165,24,4,TRK,17389,12769,35.84,0.00,28.69,0.100
2,165,24,4,TRK,12769,17393,35.88,0.00,28.74,0.100
2,165,24,4,TRK,17393,22348,36.17,0.00,29.06,0.100
2,165,24,4,TRK,22348,17397,36.44,0.00,29.37,0.100
2,165,24,4,TRK,17397,12777,36.57,0.00,29.52,0.100
2,165,24,4,TRK,12777,26004,37.71,0.00,30.81,0.100
2,165,24,4,TRK,26004,21462,37.79,0.00,30.89,0.100
2,165,24,4,TRK,21462,26006,37.88,0.00,30.99,0.100
2,165,24,4,TRK,26006,22334,38.14,0.00,31.29,0.100
2,165,24,4,TRK,22334,26008,38.42,0.00,31.61,0.100
2,165,24,4,TRK,26008,21465,38.53,0.00,31.73,0.100
2,165,24,4,TRK,21465,21466,38.88,0.00,32.13,0.100
2,165,24,4,TRK,21466,26094,38.91,0.00,32.16,0.100
2,165,24,4,TRK,26094,26096,39.18,0.00,32.47,0.100
2,165,24,4,TRK,26096,21468,39.35,0.00,32.66,0.100
2,165,24,4,TRK,21468,21470,40.74,0.00,34.23,0.100
2,165,24,4,TRK,21470,26012,40.76,0.00,34.24,0.100
2,165,24,4,TRK,26012,22316,40.87,0.00,34.38,0.100
2,165,24,4,TRK,22316,26014,40.99,0.00,34.51,0.100
2,165,24,4,TRK,26014,21472,41.17,0.00,34.72,0.100
2,165,24,4,TRK,21472,21474,41.59,0.00,35.20,0.100
2,165,24,4,TRK,21474,26018,41.61,0.00,35.22,0.100
2,165,24,4,TRK,26018,22284,41.84,0.00,35.48,0.100
2,165,24,4,TRK,22284,22286,41.93,0.00,35.57,0.100
2,165,24,4,TRK,22286,26020,42.20,0.00,35.88,0.100
2,165,24,4,TRK,26020,21479,42.30,0.00,36.00,0.100
2,165,24,4,TRK,21479,26022,42.38,0.00,36.08,0.100
2,165,24,4,TRK,26022,21487,43.53,0.00,37.38,0.100
2,165,24,4,TRK,21487,26024,43.56,0.00,37.42,0.100
2,165,24,4,TRK,26024,22268,43.74,0.00,37.62,0.100
2,165,24,4,TRK,22268,26026,43.94,0.00,37.85,0.100
2,165,24,4,TRK,26026,21491,43.96,0.00,37.87,0.100
2,165,24,4,TRK,21491,26028,45.02,0.00,39.08,0.100
2,165,24,4,TRK,26028,21497,45.18,0.00,39.25,0.100
2,165,24,4,TRK,21497,26030,45.27,0.00,39.36,0.100
2,165,24,4,TRK,26030,22260,45.50,0.00,39.61,0.100
2,165,24,4,TRK,22260,26034,45.99,0.00,40.16,0.100
2,165,24,4,TRK,26034,21508,46.05,0.00,40.22,0.100
2,165,24,4,TRK,21508,21514,46.45,0.00,40.67,0.100
2,165,24,4,TRK,21514,26036,46.53,0.00,40.76,0.100
2,165,24,4,TRK,26036,26038,46.74,0.00,40.99,0.100
2,165,24,4,TRK,26038,22254,46.82,0.00,41.08,0.100
2,165,24,4,TRK,22254,21532,46.84,0.00,41.10,0.100
2,165,24,4,TRK,21532,26040,47.01,0.00,41.29,0.100
2,165,24,4,TRK,26040,21544,47.82,0.00,42.19,0.100
2,165,24,4,TRK,21544,26042,47.88,0.00,42.26,0.100
2,165,24,4,TRK,26042,22250,48.04,0.00,42.44,0.100
2,165,24,4,TRK,22250,26044,48.25,0.00,42.68,0.100
2,165,24,4,TRK,26044,21552,48.31,0.00,42.74,0.100
2,165,24,4,TRK,21552,26046,49.22,0.00,43.77,0.100
2,165,24,4,TRK,26046,21564,49.78,0.00,44.40,0.100
2,165,24,4,TRK,21564,26048,49.88,0.00,44.51,0.100
2,165,24,4,TRK,26048,26050,50.13,0.00,44.79,0.100
2,165,24,4,TRK,26050,21576,50.18,0.00,44.84,0.100
2,165,24,4,TRK,21576,21594,50.69,0.00,45.41,0.100
2,165,24,4,TRK,21594,26052,50.81,0.00,45.54,0.100
2,165,24,4,TRK,26052,20061,51.29,0.00,46.07,0.100
2,165,24,4,TRK,20061,20064,51.34,0.00,46.12,0.100
2,165,24,4,TRK,20064,20239,51.40,0.00,46.19,0.100
2,165,24,4,TRK,20239,21620,51.61,0.00,46.43,0.100
2,165,24,4,TRK,21620,21628,51.99,0.00,46.85,0.100
2,165,24,4,TRK,21628,20070,52.10,0.00,46.97,0.100
2,165,24,4,TRK,20070,21634,52.79,0.00,47.71,0.100
2,165,24,4,TRK,21634,26060,52.87,0.00,47.80,0.100
2,165,24,4,TRK,26060,21646,53.18,0.00,48.14,0.100
2,165,24,4,TRK,21646,21658,53.41,0.00,48.38,0.100
2,165,24,4,TRK,21658,21665,53.54,0.00,48.53,0.100
2,165,24,4,TRK,21665,20278,53.95,0.00,48.97,0.100
2,165,24,4,TRK,20278,20049,54.08,0.00,49.11,0.100
2,165,24,4,TRK,20049,21672,54.42,0.00,49.48,0.100
2,165,24,4,TRK,21672,26066,54.78,0.00,49.87,0.100
2,165,24,4,TRK,26066,21684,54.88,0.00,49.98,0.100
2,165,24,4,TRK,21684,21692,55.36,0.00,50.51,0.100
2,165,24,4,TRK,21692,26068,55.44,0.00,50.61,0.100
2,165,24,4,TRK,26068,26070,55.71,0.00,50.90,0.100
2,165,24,4,TRK,26070,21703,55.76,0.00,50.96,0.100
2,165,24,4,TRK,21703,21710,56.34,0.00,51.61,0.100
2,165,24,4,TRK,21710,26072,56.39,0.00,51.67,0.100
2,165,24,4,TRK,26072,26074,56.61,0.00,51.91,0.100
2,165,24,4,TRK,26074,21720,56.67,0.00,51.98,0.100
2,165,24,4,TRK,21720,26076,57.12,0.00,52.48,0.100
2,165,24,4,TRK,26076,21736,57.70,0.00,53.13,0.100
2,165,24,4,TRK,21736,26078,57.79,0.00,53.23,0.100
2,165,24,4,TRK,26078,26080,58.06,0.00,53.53,0.100
2,165,24,4,TRK,26080,21750,58.10,0.00,53.58,0.100
2,165,24,4,TRK,21750,21759,58.60,0.00,54.13,0.100
2,165,24,4,TRK,21759,26082,58.69,0.00,54.23,0.100
2,165,24,4,TRK,26082,26084,58.93,0.00,54.50,0.100
2,165,24,4,TRK,26084,21766,58.99,0.00,54.57,0.100
2,165,24,4,TRK,21766,21774,59.34,0.00,54.95,0.100
2,165,24,4,TRK,21774,26086,59.40,0.00,55.02,0.100
2,165,24,4,TRK,26086,26088,59.64,0.00,55.28,0.100
2,165,24,4,TRK,26088,21788,59.73,0.00,55.37,0.100
2,165,24,4,TRK,21788,31477,60.25,0.00,55.92,0.100
2,165,24,4,TRK,31477,30336,60.98,0.00,56.53,0.100
2,165,24,4,TRK,30336,28130,61.04,0.00,56.58,0.100
2,165,24,4,TRK,28130,30341,61.13,0.00,56.66,0.100
2,165,24,4,TRK,30341,30346,63.78,0.00,58.43,0.100
2,165,24,4,TRK,30346,30332,63.92,0.00,58.56,0.100
2,165,24,4,TRK,30332,42335,63.96,0.00,58.59,0.100
2,165,24,4,TRK,42335,34296,64.11,0.00,58.70,0.100
2,165,24,4,TRK,34296,28758,65.05,0.00,59.41,0.100
2,165,24,4,TRK,28758,28759,65.59,0.00,59.89,0.100
2,165,24,4,TRK,28759,28761,66.00,0.00,60.27,0.100
2,165,24,4,TRK,28761,28762,66.34,0.00,60.56,0.100
2,165,24,4,TRK,28762,28764,66.78,0.00,60.88,0.100
2,165,24,4,TRK,28764,28749,67.31,0.00,61.11,0.100
2,165,24,4,TRK,28749,30352,67.97,0.00,61.36,0.100
2,165,24,4,TRK,30352,30351,68.24,0.00,61.54,0.100
2,165,24,4,TRK,30351,30358,69.25,0.00,62.22,0.100
2,165,24,4,TRK,30358,30359,69.55,0.00,62.47,0.100
2,165,24,4,TRK,30359,30364,70.13,0.00,62.96,0.100
2,165,24,4,TRK,30364,30363,70.22,0.00,63.03,0.100
2,165,24,4,TRK,30363,30366,70.77,0.00,63.43,0.100
2,165,24,4,TRK,30366,30371,71.92,0.00,64.23,0.100
2,165,24,4,TRK,30371,30372,72.31,0.00,64.52,0.100
2,165,24,4,TRK,30372,30377,72.68,0.00,64.76,0.100
2,165,24,4,TRK,30377,30376,73.09,0.00,65.04,0.100
2,165,24,4,TRK,30376,30383,73.93,0.00,65.55,0.100
2,165,24,4,TRK,30383,30382,74.50,0.00,66.00,0.100
2,165,24,4,TRK,30382,28067,75.37,0.00,66.53,0.100
2,165,24,4,TRK,28067,30389,75.70,0.00,66.69,0.100
2,165,24,4,TRK,30389,31068,76.41,0.00,66.93,0.100
2,165,24,4,TRK,31068,31063,76.67,0.00,67.07,0.100
2,165,24,4,TRK,31063,34090,77.40,0.00,67.45,0.100
2,165,24,4,TRK,34090,31065,77.45,0.00,67.47,0.100
2,165,24,4,TRK,31065,31066,77.65,0.00,67.57,0.100
2,165,24,4,TRK,31066,31204,78.65,0.00,68.09,0.100
2,165,24,4,TRK,31204,33916,79.01,0.00,68.25,0.100
2,165,24,4,TRK,33916,31205,79.33,0.00,68.41,0.100
2,165,24,4,TRK,31205,31355,81.01,0.00,69.52,0.100
2,165,24,4,TRK,31355,31356,81.20,0.00,69.65,0.100
2,165,24,4,TRK,31356,31473,81.97,0.00,70.16,0.100
2,165,24,4,TRK,31473,31475,82.37,0.00,70.40,0.100
2,165,24,4,TRK,31475,31476,82.47,0.00,70.46,0.100
2,165,24,4,TRK,31476,31659,82.78,0.00,70.66,0.100
2,165,24,4,TRK,31659,31660,82.89,0.00,70.73,0.100
2,165,24,4,TRK,31660,31661,82.98,0.00,70.79,0.100
2,165,24,4,TRK,31661,31662,83.25,0.00,70.89,0.100
2,165,24,4,TRK,31662,165,84.26,0.00,71.11,0.100
