N,DTA_Type
1,99
2,99
3,99
4,99
5,99
6,99
7,99
8,99
9,99
10,99
11,99
12,99
13,99
14,99
15,99
16,99
17,99
18,99
19,99
20,99
21,99
22,99
23,99
24,99
25,99
26,99
27,99
28,99
29,99
30,99
31,99
32,99
33,99
34,99
35,99
36,99
37,99
38,99
39,99
40,99
41,99
42,99
43,99
44,99
45,99
46,99
47,99
48,99
49,99
50,99
51,99
52,99
53,99
54,99
55,99
56,99
57,99
58,99
59,99
60,99
61,99
62,99
63,99
64,99
65,99
66,99
67,99
68,99
69,99
70,99
71,99
72,99
73,99
74,99
75,99
76,99
77,99
78,99
79,99
80,99
81,99
82,99
83,99
84,99
85,99
86,99
87,99
88,99
89,99
90,99
91,99
92,99
93,99
94,99
95,99
96,99
97,99
98,99
99,99
100,99
101,99
102,99
103,99
104,99
105,99
106,99
107,99
108,99
109,99
110,99
111,99
112,99
113,99
114,99
115,99
116,99
117,99
118,99
119,99
120,99
121,99
122,99
123,99
124,99
125,99
126,99
127,99
128,99
129,99
130,99
131,99
132,99
133,99
134,99
135,99
136,99
137,99
138,99
139,99
140,99
141,99
142,99
143,99
144,99
145,99
146,99
147,99
148,99
149,99
150,99
151,99
152,99
153,99
154,99
155,99
156,99
157,99
158,99
159,99
160,99
161,99
162,99
163,99
164,99
165,99
166,99
167,99
168,99
169,99
170,99
171,99
172,99
173,99
174,99
175,99
176,99
177,99
178,99
179,99
180,99
181,99
182,99
183,99
184,99
185,99
186,99
187,99
188,99
189,99
190,99
191,99
192,99
193,99
194,99
195,99
196,99
197,99
198,99
199,99
200,99
201,99
202,99
203,99
204,99
205,99
206,99
207,99
208,99
209,99
210,99
211,99
212,99
213,99
214,99
215,99
216,99
217,99
218,99
219,99
220,99
221,99
222,99
223,99
224,99
225,99
226,99
227,99
228,99
229,99
3072,0
12011,0
12031,0
12036,0
12038,0
12056,0
12058,0
12069,0
12073,0
12082,0
12084,0
12085,0
12086,0
12088,0
12089,0
12093,0
12097,0
12101,0
12105,0
12112,0
12116,0
12118,0
12123,0
12129,0
12133,0
12141,0
12145,0
12147,0
12148,0
12153,0
12154,0
12157,0
12165,90
12169,91
12171,0
12176,0
12177,0
12182,0
12189,0
12196,0
12198,0
12200,0
12216,0
12221,0
12225,0
12230,0
12232,0
12234,0
12236,0
12237,0
12238,0
12239,0
12240,0
12242,0
12243,0
12244,0
12246,0
12247,0
12251,0
12254,0
12255,0
12259,0
12263,0
12270,0
12294,0
12302,0
12304,0
12311,0
12323,0
12330,0
12332,0
12335,0
12339,0
12343,0
12347,0
12358,0
12366,0
12372,0
12374,0
12376,0
12378,0
12379,0
12380,0
12381,0
12382,0
12383,0
12384,0
12386,0
12389,0
12390,0
12391,0
12395,0
12399,0
12403,0
12407,0
12411,0
12419,0
12421,0
12427,0
12433,0
12445,0
12449,0
12453,0
12457,0
12461,0
12465,0
12469,0
12473,0
12478,0
12480,0
12484,0
12486,0
12496,0
12498,0
12500,0
12502,0
12504,0
12512,0
12514,0
12516,0
12518,0
12520,0
12526,0
12530,0
12532,0
12535,0
12561,0
12565,0
12567,0
12568,0
12583,0
12595,0
12596,0
12599,0
12603,0
12605,92
12609,0
12613,0
12616,0
12617,0
12637,0
12641,0
12669,0
12673,0
12675,0
12677,0
12679,0
12681,0
12685,0
12689,0
12695,0
12696,0
12699,0
12700,0
12707,0
12709,0
12713,0
12715,0
12717,0
12721,0
12725,0
12729,0
12731,0
12733,90
12737,91
12740,0
12747,0
12749,90
12750,0
12753,91
12754,0
12757,0
12761,0
12762,0
12764,0
12768,0
12770,0
12772,0
12773,0
12776,0
12778,0
12793,0
12795,0
12814,0
12826,0
12828,0
12844,0
12865,0
12873,0
12881,0
12884,0
12887,0
12903,0
12907,0
12911,0
12915,0
12917,0
12931,0
12932,0
12939,0
12950,0
12951,0
12952,0
12953,0
12955,0
12957,0
12961,0
12963,0
12965,0
12971,0
12972,0
12975,0
12979,0
13003,0
13007,0
13012,0
13015,0
13018,0
13019,0
13020,0
13022,0
13023,0
13026,0
13027,0
13029,0
13031,0
13034,0
13038,0
13039,0
13040,0
13042,0
13043,0
13044,0
13047,0
13051,0
13055,0
13059,0
13060,0
13063,0
13067,0
13071,0
13072,0
13075,0
13078,0
13079,0
13080,0
13083,0
13087,0
13091,0
13104,0
13108,0
13110,0
13112,0
13114,0
13122,0
13124,0
13126,0
13127,0
13162,0
13167,0
13201,0
13214,0
13230,0
13232,0
13233,0
13234,0
13237,0
13242,0
13244,0
13248,0
13249,0
13250,0
13256,0
13269,0
13270,0
13290,0
13304,0
13305,0
13315,0
13319,0
13323,0
13325,0
13327,0
13331,0
13335,0
13337,0
13343,0
13347,0
13351,0
13354,0
13355,0
13358,0
13359,0
13363,0
13367,0
13371,0
13375,0
13379,0
13386,0
13388,0
13390,0
13394,0
13396,0
13398,0
13402,0
13407,0
13415,0
13419,0
13424,0
13425,0
13426,0
13441,0
13449,0
13451,0
13453,0
13460,0
13471,0
13476,0
13478,0
13481,0
13485,0
13490,0
13498,0
13500,0
13501,0
13502,0
13504,0
13505,0
13506,0
13510,0
13511,0
13512,0
13514,0
13516,0
13518,0
13537,90
13538,0
13540,0
13541,91
13542,0
13547,0
13559,0
13561,0
13563,0
13567,0
13571,0
13573,0
13575,0
13577,0
13579,0
13583,0
13588,0
13590,0
13591,0
13595,0
13598,0
13599,0
13600,0
13604,0
13606,0
13607,0
13608,0
13610,0
13612,0
13614,0
13616,0
13621,0
13625,0
13626,0
13629,0
13630,0
13636,0
13689,0
13740,0
13819,0
13827,0
13831,0
13832,0
13834,0
13835,0
13836,0
13838,0
13839,0
13840,0
13843,0
13844,0
13848,0
13850,0
13852,0
13855,0
13865,0
13897,0
13899,0
13915,0
13990,0
13992,0
14026,0
14041,0
14045,0
14056,0
14058,0
14061,0
14063,0
14064,0
14066,0
14068,0
14070,0
14072,0
14088,0
14092,0
14097,0
14101,0
14119,0
14129,0
14191,0
14209,0
14215,0
14239,0
14241,0
14247,0
14249,0
14269,0
14273,0
14277,0
14279,0
14281,0
14283,0
14315,0
14317,0
14319,0
14321,0
14323,0
14325,0
14331,0
14337,0
14339,0
14341,0
14347,0
14529,0
14533,0
14537,0
14543,0
14549,0
14551,0
14553,0
14555,0
14557,0
14559,0
14561,0
14563,0
14565,0
14567,0
14569,0
14575,0
14579,0
14582,0
14583,0
14591,0
14593,0
14597,0
14613,0
14617,0
14619,0
14621,0
14623,0
14629,0
14631,0
14635,0
14637,0
14641,0
14643,0
14644,0
14645,0
14646,0
14647,0
14648,0
14649,0
14651,0
14652,0
14654,0
14655,0
14656,0
14657,0
14659,0
14663,0
14665,0
14667,0
14671,0
14675,0
14679,0
14681,0
14683,0
14685,0
14693,0
14695,0
14699,0
14701,0
14703,0
14705,0
14707,0
14709,0
14717,0
14729,0
14741,0
14765,0
14769,0
14773,0
14813,0
14825,0
14831,0
14849,0
14851,0
14855,0
14861,0
14863,0
14867,0
14869,0
14871,0
14875,0
14877,0
14883,0
14887,0
14897,0
14909,0
14919,0
14923,0
14931,0
14947,0
14953,0
14971,0
14985,0
15004,0
15009,0
15025,0
15089,0
15091,0
15093,0
15095,0
15097,0
15099,0
15101,0
15120,0
15141,0
15147,0
15169,0
15171,0
15172,0
15175,0
15177,0
15199,0
15205,0
15209,0
15221,0
15273,0
15274,0
15275,0
15277,0
15279,0
15282,0
15283,0
15285,0
15388,0
15390,0
15403,0
15405,0
15407,0
15409,0
15411,0
15413,0
15415,0
15419,0
15469,0
15471,0
15473,0
15475,0
15477,0
15479,0
15483,0
15504,0
15506,0
15508,0
15510,0
15512,0
15514,0
15528,0
15530,0
15532,0
15553,0
15555,0
15557,0
15559,0
15561,0
15565,0
15573,0
15651,0
15653,0
15655,0
15657,0
15659,0
15661,0
15663,0
15665,0
15667,0
15669,0
15671,0
15673,0
15675,0
15679,0
15681,0
15683,0
15685,0
15687,0
15689,0
15691,0
15693,0
15695,0
15697,0
15699,0
15701,0
15709,0
15713,0
15743,0
15745,0
15747,0
15749,0
15751,0
15753,0
15755,0
15757,0
15987,0
15989,0
15993,0
15997,0
15999,0
16003,0
16004,0
16005,0
16007,0
16008,0
16010,0
16021,0
16023,0
16029,0
16031,0
16035,0
16037,0
16041,0
16043,0
16047,0
16051,0
16054,0
16056,0
16063,0
16065,0
16075,0
16077,0
16079,0
16081,0
16083,0
16085,0
16087,0
16089,0
16091,0
16093,0
16157,0
16159,0
16161,0
16163,0
16165,0
16167,0
16169,0
16171,0
16173,0
16177,0
16342,0
16344,0
16345,0
16346,0
16347,0
16349,0
16351,0
16355,0
16357,0
16460,0
16505,0
16509,0
16519,0
16521,0
16523,0
16525,0
16529,0
16531,0
16533,0
16535,0
16537,0
16541,0
16542,0
16543,0
16545,0
16547,0
16549,0
16553,0
16555,0
16557,0
16559,0
16565,0
16567,0
16579,0
16589,0
16591,0
16607,0
16665,0
16713,0
16715,0
16717,0
16719,0
16721,0
16723,0
16725,0
16729,0
16733,0
16745,0
16759,0
16778,0
16780,0
16804,0
16836,0
16838,0
16844,0
16845,0
16846,0
16848,0
16856,0
16860,0
16866,0
16879,0
16907,0
16913,0
16915,0
16917,0
16919,0
16923,0
16929,0
16931,0
16937,0
16939,0
16941,0
16943,0
16945,0
16947,0
16953,0
16955,0
16957,0
16959,0
16965,0
16967,0
16969,0
16971,0
16973,0
16975,0
16981,0
16983,0
16985,0
16987,0
16989,0
16991,0
16993,0
16995,0
16997,0
16999,0
17003,0
17007,0
17017,0
17019,0
17021,0
17023,0
17025,0
17027,0
17029,0
17031,0
17033,0
17037,0
17039,0
17041,0
17042,0
17043,0
17049,0
17051,0
17053,0
17055,0
17057,0
17059,0
17065,0
17067,0
17069,0
17071,0
17077,0
17079,0
17081,0
17083,0
17085,0
17087,0
17089,0
17091,0
17093,0
17101,0
17103,0
17111,0
17113,0
17115,0
17117,0
17119,0
17121,0
17123,0
17125,0
17127,0
17129,0
17131,0
17133,0
17147,0
17149,0
17151,0
17153,0
17155,0
17157,0
17159,0
17161,0
17163,0
17165,0
17167,0
17169,0
17171,0
17173,0
17175,0
17177,0
17179,0
17181,0
17183,0
17185,0
17191,0
17193,0
17195,0
17197,0
17199,0
17201,0
17205,0
17207,0
17209,0
17211,0
17213,0
17215,0
17217,0
17219,0
17221,0
17227,0
17229,0
17235,0
17237,0
17239,0
17241,0
17243,0
17245,0
17247,0
17249,0
17251,0
17253,0
17255,0
17257,0
17259,0
17261,0
17263,0
17265,0
17267,0
17269,0
17271,0
17273,0
17275,0
17277,0
17279,0
17281,0
17283,0
17285,0
17287,0
17289,0
17291,0
17293,0
17295,0
17297,0
17299,0
17301,0
17303,0
17305,0
17307,0
17309,0
17311,0
17315,0
17317,0
17319,0
17321,0
17323,0
17325,0
17327,0
17329,0
17331,0
17333,0
17335,0
17337,0
17339,0
17341,0
17343,0
17345,0
17347,0
17349,0
17351,0
17353,0
17355,0
17357,0
17359,0
17361,0
17363,0
17365,0
17367,0
17369,0
17371,0
17373,0
17375,0
17377,0
17379,0
17381,0
17383,0
17385,0
17387,0
17389,0
17391,0
17393,0
17395,0
17397,0
17399,0
17737,0
17739,0
17741,0
17767,0
17769,0
17771,0
17773,0
17779,0
17847,0
17863,0
17865,0
17867,0
17869,0
17927,0
17929,0
17933,0
17935,0
17937,0
17939,0
17941,0
17955,0
17957,0
17958,0
17960,0
17961,0
18019,0
18021,0
18023,0
18029,0
18031,0
18035,0
18037,0
18043,0
18047,0
18051,0
18057,0
18059,0
18061,0
18063,0
18065,0
18067,0
18069,0
18071,0
18073,0
18075,0
18077,0
18079,0
18083,0
18085,0
18091,0
18149,0
18281,0
18283,0
18301,0
18333,0
18345,0
18347,0
18349,0
18351,0
18399,0
18405,0
18407,0
18413,0
18415,0
18417,0
18419,0
18441,0
18469,0
18471,0
18473,0
18475,0
18485,0
18535,0
18559,0
18561,0
18625,0
18632,0
18634,0
18655,0
18671,0
18673,0
18675,0
18677,0
18679,0
18699,0
18705,0
18707,0
18709,0
18711,0
18907,0
18911,0
18913,0
18921,0
18950,0
18952,0
18957,0
18977,0
18983,0
18999,0
19110,0
19111,0
19113,0
19123,0
19128,0
19131,0
19136,0
19137,0
19160,0
19170,0
19171,0
19174,0
19178,0
19196,0
19199,0
19207,0
19229,0
19230,0
19232,0
19254,0
19256,0
19260,0
19289,0
19290,0
19292,0
19296,0
19306,0
19318,0
19319,0
19322,0
19329,0
19344,0
19345,0
19346,0
19347,0
19348,0
19349,0
19355,0
20004,0
20005,0
20006,0
20014,0
20015,0
20016,0
20017,0
20021,0
20023,0
20026,0
20027,0
20029,0
20031,0
20032,0
20033,0
20034,0
20041,0
20042,0
20043,0
20045,0
20046,0
20048,0
20049,0
20050,0
20052,0
20053,0
20054,0
20055,0
20058,0
20059,0
20060,0
20061,0
20062,0
20063,0
20064,0
20065,0
20066,0
20067,0
20068,0
20069,0
20070,0
20071,0
20072,0
20074,0
20075,0
20077,0
20082,0
20086,0
20088,0
20096,0
20097,0
20101,0
20102,0
20103,0
20105,0
20110,0
20111,0
20112,0
20113,0
20118,0
20119,0
20123,0
20124,0
20125,0
20128,0
20129,0
20131,0
20132,0
20133,0
20139,0
20142,0
20143,0
20144,0
20145,0
20146,0
20147,0
20148,0
20152,0
20155,0
20162,0
20163,0
20166,0
20167,0
20168,0
20172,0
20173,0
20174,0
20175,0
20176,0
20177,0
20178,0
20179,0
20180,0
20181,0
20183,0
20184,0
20192,0
20193,0
20194,0
20195,0
20196,0
20197,0
20198,0
20199,0
20200,0
20202,0
20203,0
20205,0
20209,0
20215,0
20216,0
20217,0
20230,0
20231,0
20232,0
20236,0
20261,0
20264,0
20273,0
20274,0
20275,0
20276,0
20277,0
20278,0
20279,0
20281,0
20282,0
20284,0
20285,0
20286,0
20298,0
20305,0
20312,0
20314,0
20315,0
20361,0
20363,0
20367,0
20371,0
20372,0
20373,0
20375,0
20377,0
20378,0
20382,0
20385,0
20386,0
20388,0
20389,0
20392,0
20395,0
20398,0
20413,0
20414,0
20415,0
20421,0
20424,0
20425,0
20427,0
20428,0
20431,0
20436,0
20438,0
20447,90
20448,91
20453,0
20462,0
20476,0
20482,0
20483,0
20536,0
20560,0
20561,0
20583,0
20584,0
20638,0
20652,0
20696,0
20698,0
20714,0
20715,0
20716,0
20717,0
20718,0
20719,0
20726,0
20727,0
20728,0
20729,0
20730,0
20731,0
20732,0
20734,0
20736,0
20737,0
20738,0
20739,0
20740,0
20742,0
20744,0
20746,0
20747,0
20748,0
20750,0
20752,92
20753,0
20754,91
20755,0
20756,0
20757,0
20758,0
20759,0
20760,0
20761,0
20762,0
20763,0
20766,0
20767,0
20768,0
20769,0
20770,0
20771,0
20772,0
20773,0
20777,0
20778,0
20779,0
20780,0
20789,0
20790,0
20791,0
20792,0
20793,0
20795,0
20797,0
20798,0
20799,0
20800,0
20801,0
20802,0
20803,0
20808,0
20809,0
20810,0
20811,0
20814,0
20815,0
20816,0
20824,0
20825,0
20829,0
20830,0
20831,0
20832,0
20834,90
20836,91
20838,0
20839,0
20840,0
20841,0
20842,0
20843,0
20844,0
20845,0
20846,0
20848,0
20849,0
20850,0
20851,0
20852,0
20853,0
20854,0
20856,0
20857,0
20858,0
20860,0
20861,0
20862,0
20863,0
20866,0
20867,0
20868,0
20869,0
20870,0
20872,0
20873,0
20874,0
20877,0
20879,0
20880,0
20883,0
20885,0
20887,0
20889,0
20890,0
20891,91
20894,0
20895,0
20896,0
21004,0
21006,0
21008,0
21010,0
21012,0
21014,0
21018,0
21020,0
21022,0
21024,0
21028,0
21030,0
21034,0
21036,0
21038,0
21039,0
21040,0
21041,0
21042,0
21043,0
21044,0
21045,0
21046,0
21047,0
21048,0
21049,0
21050,0
21051,0
21052,0
21053,0
21054,0
21055,0
21056,0
21058,0
21062,0
21064,0
21066,0
21070,0
21071,0
21072,0
21073,0
21074,0
21075,0
21077,0
21079,0
21081,0
21083,0
21087,0
21089,0
21090,0
21092,0
21094,0
21096,0
21098,0
21100,0
21101,0
21103,0
21104,0
21105,0
21106,0
21107,0
21108,0
21112,0
21113,0
21114,0
21117,0
21120,0
21122,0
21124,0
21127,0
21128,0
21129,0
21132,0
21134,0
21135,0
21136,0
21137,0
21138,0
21139,0
21140,0
21141,0
21143,0
21144,0
21145,0
21151,0
21154,0
21165,0
21167,0
21169,0
21171,0
21172,0
21173,0
21174,0
21175,0
21177,0
21178,0
21179,0
21180,0
21183,0
21184,0
21185,0
21186,0
21188,0
21190,0
21195,0
21196,0
21199,0
21202,0
21203,0
21204,0
21205,0
21207,0
21208,0
21210,0
21211,0
21212,0
21213,0
21214,0
21215,0
21216,0
21217,0
21218,0
21219,0
21220,0
21221,0
21223,0
21224,0
21225,0
21226,0
21232,0
21233,90
21234,0
21235,0
21236,0
21237,0
21238,0
21239,0
21244,0
21246,0
21248,0
21250,0
21251,0
21252,0
21253,0
21254,0
21255,0
21256,0
21258,0
21260,0
21261,0
21262,0
21263,0
21264,0
21265,0
21266,0
21267,0
21268,0
21269,0
21270,0
21271,0
21272,0
21273,0
21274,0
21275,0
21276,0
21277,0
21278,0
21279,0
21280,0
21281,0
21282,0
21283,0
21284,0
21285,0
21286,0
21287,0
21288,0
21289,0
21291,0
21292,0
21293,0
21294,0
21296,0
21298,0
21300,0
21301,0
21302,0
21303,0
21304,0
21305,0
21306,0
21307,0
21309,0
21312,0
21313,0
21314,0
21315,0
21317,91
21320,90
21321,0
21326,0
21327,0
21328,0
21329,0
21330,0
21331,0
21333,90
21334,0
21338,91
21342,0
21344,0
21346,0
21349,0
21352,0
21354,0
21363,0
21364,0
21365,0
21366,0
21367,0
21368,0
21377,0
21378,0
21387,0
21389,0
21391,0
21393,0
21395,0
21396,0
21397,0
21399,0
21401,0
21403,0
21404,0
21405,0
21406,0
21410,0
21411,92
21414,0
21418,0
21421,0
21422,0
21430,0
21432,92
21433,0
21434,0
21435,0
21438,0
21439,0
21441,0
21448,0
21450,0
21451,0
21453,0
21455,0
21457,0
21459,0
21462,90
21463,90
21464,0
21466,0
21468,90
21469,91
21470,0
21472,0
21473,0
21475,0
21476,0
21477,0
21479,0
21486,0
21491,91
21492,90
21493,0
21495,0
21497,0
21498,0
21501,0
21508,0
21514,0
21516,0
21532,0
21540,92
21542,0
21544,0
21546,0
21552,0
21554,0
21555,0
21557,0
21559,0
21560,0
21561,0
21562,0
21563,0
21564,0
21565,0
21566,0
21567,0
21568,0
21569,0
21570,0
21571,0
21573,0
21575,0
21577,0
21578,0
21580,92
21582,0
21585,0
21587,0
21588,0
21589,0
21594,0
21596,0
21601,0
21603,0
21605,0
21608,92
21610,0
21612,0
21617,0
21621,0
21624,0
21626,0
21627,0
21631,0
21632,0
21634,0
21636,0
21637,0
21639,0
21642,0
21643,0
21644,0
21645,0
21646,90
21648,0
21655,0
21656,0
21657,0
21662,0
21663,0
21664,92
21668,0
21670,0
21672,0
21674,0
21677,0
21679,0
21685,0
21686,0
21687,0
21689,0
21690,0
21691,0
21692,0
21693,0
21694,90
21695,0
21696,92
21697,0
21699,0
21700,0
21701,0
21703,0
21704,0
21705,0
21706,0
21707,0
21709,0
21710,0
21711,0
21714,92
21715,0
21717,0
21719,0
21721,0
21723,0
21724,0
21725,0
21727,0
21731,0
21735,0
21736,0
21738,0
21742,0
21748,0
21749,0
21750,0
21752,0
21753,0
21754,0
21755,0
21761,0
21764,0
21765,0
21766,0
21767,0
21768,0
21769,0
21771,0
21772,0
21773,0
21774,0
21775,0
21777,0
21778,0
21779,0
21780,92
21781,0
21782,0
21783,0
21789,0
21795,0
21798,90
21800,0
21803,0
21804,0
21809,0
21812,0
21822,0
21823,0
21833,0
21837,0
21839,0
21842,0
21844,0
21846,0
21850,0
21854,0
21855,0
21862,0
21863,0
21864,0
21865,0
21866,0
21867,0
21868,0
21869,0
21871,0
21873,0
21875,0
21876,0
21877,0
21878,0
21879,0
21883,0
21884,0
21895,0
21910,0
21911,0
21912,0
21914,0
21919,0
21921,0
21923,0
21925,0
21927,0
21929,0
21931,0
21933,0
21936,0
21938,0
21943,0
21944,0
21945,0
21946,0
21952,0
21956,0
21967,0
21969,0
21971,0
21973,0
21975,0
21977,0
21978,0
21979,0
21981,0
21983,0
21985,0
21989,0
21998,0
22000,0
22001,0
22004,0
22006,0
22008,0
22009,0
22012,0
22014,0
22016,0
22022,0
22023,0
22025,0
22028,0
22029,0
22030,0
22035,0
22041,0
22042,0
22050,0
22052,0
22057,0
22061,0
22069,0
22073,0
22077,0
22080,0
22085,0
22087,0
22089,0
22091,0
22093,0
22095,0
22107,0
22109,0
22116,0
22117,0
22119,0
22121,0
22123,0
22125,0
22126,0
22127,0
22129,0
22131,0
22133,0
22135,0
22136,0
22137,0
22139,0
22140,0
22141,0
22143,0
22145,0
22146,0
22148,0
22154,0
22157,0
22161,0
22162,0
22166,0
22168,0
22170,0
22172,0
22174,0
22177,0
22181,0
22187,0
22191,0
22193,0
22195,0
22197,0
22199,0
22201,0
22202,0
22203,0
22207,0
22209,0
22210,0
22211,0
22212,0
22213,0
22214,0
22215,0
22216,0
22218,0
22221,0
22222,0
22223,0
22224,0
22225,0
22228,0
22243,0
22247,0
22259,0
22262,0
22266,0
22268,0
22269,0
22270,0
22277,0
22278,0
22280,0
22282,0
22287,0
22289,0
22291,0
22295,0
22296,0
22297,0
22298,0
22299,0
22301,0
22303,0
22305,0
22307,0
22308,0
22309,0
22315,0
22316,0
22330,0
22332,0
22334,0
22346,0
22353,0
22355,0
22357,0
22379,0
22381,0
22383,0
22385,0
22387,0
22389,0
22391,0
22393,0
22395,0
22397,0
22399,0
22411,0
22427,0
22429,0
22443,0
22445,0
22457,0
22462,0
22463,0
22464,0
22465,0
22467,0
22469,0
22470,0
22471,0
22473,0
22476,0
22479,0
22481,0
22483,0
22486,0
22488,0
22491,0
22500,0
22505,0
22507,0
22509,0
22511,0
22518,0
22523,0
22529,0
22531,0
22533,0
22535,0
22537,0
22539,0
22541,0
22543,0
22545,0
22547,0
22548,0
22549,0
22556,0
22581,0
22585,0
22593,0
22595,0
22597,0
22599,0
22601,0
22602,0
22603,0
22604,0
22605,0
22609,0
22617,0
22621,0
22627,0
22631,0
22641,0
22643,0
22687,0
22689,0
22691,0
22693,0
22695,0
22696,0
22697,0
22699,0
22701,0
22709,0
22745,0
22747,0
22748,0
22749,0
22771,0
22773,0
22787,0
22789,0
22799,0
22803,0
22805,0
22807,0
22809,0
22811,0
22813,0
22814,0
22815,0
22817,0
22819,0
22821,0
22822,0
22823,0
22826,0
22829,0
22830,0
22831,0
22837,0
22841,0
22842,0
22843,0
22845,0
22857,0
22861,0
22863,0
22865,0
22867,0
22869,0
22871,0
22873,0
22877,0
22899,0
22901,0
22903,0
22904,0
22915,0
22935,0
22937,0
22939,0
22941,0
22943,0
22945,0
22947,0
22953,0
22955,0
22957,0
22959,0
22961,0
22963,0
22965,0
22967,0
22969,0
22971,0
22973,0
22979,0
22997,0
22999,0
23011,0
23015,0
23021,0
23024,0
23025,0
23030,0
23032,0
23077,0
23079,0
23081,0
23083,0
23085,0
23088,0
23089,0
23093,0
23094,0
23095,0
23096,0
23100,0
23101,0
23109,0
23110,0
23111,0
23113,0
23115,0
23120,0
23131,0
23139,0
23141,0
23144,0
23147,0
23157,0
23161,0
23168,0
23169,0
23173,0
23175,0
23179,0
23181,0
23187,0
23197,0
23201,0
23206,0
23209,0
23211,0
23212,0
23213,0
23215,0
23217,0
23219,0
23221,0
23224,0
23225,0
23226,0
23228,0
23229,0
23230,0
23231,0
23233,0
23238,0
23263,0
23265,0
23267,0
23269,0
23271,0
23273,0
23275,0
23277,0
23278,0
23283,0
23295,0
23299,0
23304,0
23309,0
23313,0
23314,0
23332,0
23347,0
23348,0
23350,0
23351,0
23353,0
23355,0
23369,0
23371,0
23373,0
23375,0
23377,0
23379,0
23381,0
23382,0
23383,0
23385,0
23388,0
23394,0
23395,0
23403,0
23407,0
23411,0
23414,0
23427,0
23435,0
23439,0
23449,0
23450,0
23461,0
23465,0
23473,0
23479,0
23483,0
23485,0
23487,0
23489,0
23491,0
23493,0
23497,0
23499,0
23503,0
23505,0
23507,0
23508,0
23509,0
23517,0
23521,0
23527,0
23534,0
23537,0
23539,0
23541,0
23543,0
23545,0
23547,0
23549,0
23551,0
23553,0
23555,0
23567,0
23569,0
23571,0
23573,0
23577,0
23579,0
23581,0
23583,0
23585,0
23587,0
23592,0
23595,0
23596,0
23597,0
23599,0
23600,0
23601,0
23602,0
23603,0
23605,0
23607,0
23608,0
23609,0
23610,0
23611,0
23613,0
23615,0
23618,0
23619,0
23621,0
23623,0
23624,0
23625,0
23627,0
23629,0
23631,0
23633,0
23636,0
23639,0
23641,0
23644,0
23648,0
23649,0
23658,0
23660,0
23665,0
23669,0
23674,0
23675,0
23685,0
23687,0
23689,0
23691,0
23693,0
23695,0
23697,0
23699,0
23701,0
23707,0
23713,0
23715,0
23717,0
23719,0
23721,0
23723,0
23725,0
23727,0
23729,0
23733,0
23735,0
23739,0
23745,0
23751,0
23752,0
23753,0
23755,0
23761,0
23762,0
23763,0
23765,0
23767,0
23771,0
23774,0
23775,0
23777,0
23781,0
23783,0
23785,0
23786,0
23787,0
23788,0
23789,0
23807,0
23809,0
23811,0
23813,0
23815,0
23817,0
23819,0
23847,0
23849,0
23851,0
23853,0
23855,0
23857,0
23859,0
23867,0
23873,0
23875,0
23877,0
23878,0
23879,0
23887,0
23893,0
23897,0
23899,0
23905,0
23913,0
23919,0
23939,0
23941,0
23943,0
23945,0
23947,0
23949,0
23971,0
23973,0
23977,0
23979,0
23983,0
23985,0
23987,0
23989,0
23991,0
23995,0
23997,0
23999,0
24001,0
24004,0
24005,0
24007,0
24011,0
24037,0
24039,0
24041,0
24043,0
24045,0
24047,0
24051,0
24053,0
24055,0
24060,0
24061,0
24063,0
24065,0
24067,0
24073,0
24075,0
24077,0
24079,0
24081,0
24083,0
24087,0
24089,0
24093,0
24095,0
24097,0
24099,0
24105,0
24107,0
24109,0
24111,0
24113,0
24117,0
24119,0
24121,0
24123,0
24129,0
24131,0
24133,0
24134,0
24135,0
24137,0
24139,0
24141,0
24142,0
24145,0
24157,0
24163,0
24171,0
24180,0
24191,0
24193,0
24195,0
24197,0
24199,0
24203,0
24209,0
24215,0
24222,0
24251,0
24253,0
24255,0
24257,0
24258,0
24261,0
24262,0
24264,0
24266,0
24267,0
24269,0
24271,0
24272,0
24274,0
24276,0
24279,0
24293,0
24305,0
24311,0
24323,0
24325,0
24331,0
24333,0
24335,0
24341,0
24377,0
24379,0
24381,0
24395,0
24403,0
24415,0
24417,0
24423,0
24425,0
24427,0
24429,0
24431,0
24433,0
24435,0
24437,0
24441,0
24453,0
24463,0
24470,0
24471,0
24483,0
24485,0
24497,0
24499,0
24501,0
24503,0
24505,0
24507,0
24509,0
24515,0
24527,0
24533,0
24541,0
24546,0
24547,0
24563,0
24565,0
24567,0
24579,0
24588,0
24589,0
24593,0
24607,0
24609,0
24611,0
24621,0
24623,0
24625,0
24627,0
24629,0
24631,0
24633,0
24635,0
24637,0
24641,0
24647,0
24659,0
24667,0
24671,0
24677,0
24683,0
24687,0
24691,0
24697,0
24705,0
24707,0
24709,0
24711,0
24715,0
24717,0
24719,0
24721,0
24723,0
24725,0
24727,0
24729,0
24730,0
24739,0
24745,0
24749,0
24756,0
24757,0
24763,0
24765,0
24766,0
24767,0
24771,0
24773,0
24777,0
24785,0
24795,0
24799,0
24803,0
24805,0
24808,0
24809,0
24811,0
24813,0
24815,0
24817,0
24818,0
24819,0
24823,0
24833,0
24841,0
24847,0
24851,0
24853,0
24855,0
24863,0
24865,0
24867,0
24869,0
24871,0
24876,0
24877,0
24878,0
24879,0
24881,0
24883,0
24884,0
24885,0
24887,0
24889,0
24891,0
24893,0
24895,0
24899,0
24901,0
24903,0
24909,0
24917,0
24921,0
24925,0
24927,0
24931,0
24935,0
24937,0
24939,0
24943,0
24947,0
24949,0
24959,0
24961,0
24963,0
24995,0
24997,0
25001,0
25005,0
25006,0
25008,0
25009,0
25011,0
25014,0
25015,0
25016,0
25018,0
25037,0
25041,0
25047,0
25049,0
25050,0
25051,0
25053,0
25055,0
25057,0
25058,0
25059,0
25060,0
25062,0
25065,0
25066,0
25067,0
25069,0
25071,0
25073,0
25074,0
25075,0
25077,0
25081,0
25089,0
25090,0
25094,0
25095,0
25097,0
25099,0
25100,0
25101,0
25103,0
25105,0
25107,0
25109,0
25110,0
25111,0
25114,0
25115,0
25117,0
25118,0
25119,0
25120,0
25121,0
25122,0
25123,0
25124,0
25125,0
25127,0
25128,0
25129,0
25130,90
25131,0
25132,0
25133,0
25135,0
25137,0
25138,0
25139,0
25141,0
25143,0
25145,0
25147,0
25149,0
25151,0
25153,0
25155,0
25157,0
25158,0
25159,0
25161,0
25163,0
25165,0
25167,0
25171,0
25173,0
25178,0
25179,0
25180,0
25181,0
25183,0
25191,0
25197,0
25199,0
25201,0
25203,0
25205,0
25206,0
25208,0
25209,0
25211,0
25212,0
25213,0
25214,0
25215,0
25217,0
25221,0
25222,0
25226,0
25227,0
25228,0
25229,0
25231,0
25232,0
25233,0
25234,0
25235,0
25242,0
25244,0
25245,0
25250,0
25253,0
25257,0
25267,0
25277,0
25279,0
25281,0
25295,0
25296,0
25297,0
25301,0
25317,0
25331,0
25337,0
25353,0
25355,0
25361,0
25369,0
25383,0
25385,0
25387,0
25399,0
25400,0
25401,0
25402,0
25403,0
25405,0
25407,0
25409,0
25411,0
25413,0
25415,0
25417,0
25419,0
25421,0
25425,0
25427,0
25429,0
25433,0
25435,0
25436,0
25437,0
25440,0
25441,0
25444,0
25446,0
25448,0
25451,0
25452,0
25455,0
25458,0
25460,0
25470,0
25471,0
25472,0
25474,0
25475,0
25476,0
25477,0
25478,0
25480,0
25481,0
25482,0
25484,0
25485,0
25500,0
25505,0
25508,0
25509,0
25511,0
25513,0
25515,0
25517,0
25519,0
25521,0
25523,0
25525,0
25527,0
25529,0
25531,0
25532,0
25537,0
25539,0
25541,0
25544,0
25545,0
25547,0
25549,0
25569,0
25571,0
25573,0
25575,0
25577,0
25583,0
25585,0
25587,0
25589,0
25591,0
25593,0
25595,0
25597,0
25599,0
25601,0
25603,0
25605,0
25607,0
25609,0
25611,0
25612,0
25613,0
25615,0
25617,0
25619,0
25623,0
25629,0
25631,0
25633,0
25657,0
25659,0
25663,0
25675,0
25683,0
25685,0
25687,0
25689,0
25691,0
25693,0
25694,0
25695,0
25697,0
25699,0
25703,0
25709,0
26004,0
26005,0
26006,0
26007,0
26008,0
26009,0
26010,0
26011,0
26012,0
26013,0
26014,0
26015,0
26018,0
26019,0
26020,0
26021,0
26022,0
26024,0
26025,0
26026,0
26027,0
26028,0
26029,0
26030,0
26031,0
26032,0
26033,0
26034,0
26035,0
26036,0
26037,0
26038,0
26039,0
26040,0
26041,0
26042,0
26043,0
26044,0
26045,0
26046,90
26047,91
26048,0
26049,0
26050,0
26051,0
26052,0
26053,0
26060,0
26061,0
26062,0
26063,0
26065,0
26066,0
26067,0
26068,0
26069,0
26070,0
26071,0
26072,0
26073,0
26074,0
26075,0
26076,0
26077,0
26078,0
26079,0
26080,0
26081,0
26082,0
26083,0
26084,0
26085,0
26086,0
26087,0
26088,0
26089,0
26093,0
26094,0
26095,0
26096,0
26097,0
26098,0
26099,0
26100,0
26101,0
26102,0
26103,0
26104,0
26105,0
26106,0
26107,0
26108,0
26109,0
26110,0
26111,0
26112,0
26113,0
26114,0
26115,0
26116,0
26117,0
26118,0
26119,0
26120,0
26131,0
26132,0
26133,0
26134,0
26135,0
26136,0
26137,0
26138,0
26139,0
26140,0
26141,0
26142,0
26143,0
26144,0
26145,0
26205,0
26206,0
26208,0
26209,0
26212,0
26213,0
26214,0
26215,0
26217,0
26218,91
26219,90
26220,0
26221,0
26222,0
26223,0
26225,0
26226,0
26227,0
26228,0
26229,0
26231,0
26232,0
26233,0
26235,0
26237,0
26238,0
26239,0
26241,0
26242,0
26243,0
26245,0
26246,0
26247,0
26249,0
26250,90
26251,91
26252,0
26253,0
26257,0
26259,0
26283,0
26285,0
26286,0
26287,0
26288,0
26289,0
26290,0
26403,0
26404,0
26405,0
26406,0
26407,0
26408,0
26409,0
26410,0
26411,0
26412,0
26413,0
26414,0
26416,0
26417,0
26418,0
26419,0
26420,0
26424,0
26425,0
26426,0
26427,0
26428,0
26430,0
26431,0
26432,0
26433,0
26434,0
26435,0
26436,0
26437,0
26438,0
26439,0
26440,0
26441,0
26442,0
26443,0
26444,0
26445,0
26446,0
26447,0
26448,0
26449,0
26450,0
26451,0
26452,0
26453,0
26454,0
26455,0
26456,0
26457,0
26458,0
26600,0
26601,0
26603,0
26604,0
26605,0
26606,0
26607,0
26608,0
26609,0
26611,0
26614,0
26615,90
26616,0
26617,0
26618,0
26619,0
26620,0
26621,0
26622,0
26623,0
26625,0
26627,0
26629,0
26630,0
26631,0
26632,0
26633,0
26634,0
26635,0
26636,0
26637,0
26638,0
26639,0
26640,0
26641,0
26642,0
26643,0
26644,0
26645,0
26646,0
26647,0
26648,0
26649,0
26650,0
26652,0
26653,0
26654,0
26703,0
26704,0
26705,0
26706,0
26707,0
26708,0
26710,0
26711,0
26712,0
26713,0
26714,0
26715,0
26716,0
26717,0
26718,0
26719,0
26720,0
26721,0
26722,0
26723,0
26810,0
26811,0
26812,0
26813,0
26814,0
26815,0
26816,0
26817,0
26818,0
26819,0
26820,0
26821,0
26822,0
26823,0
26826,0
26827,0
26828,0
26829,0
26830,0
26831,0
26832,0
26833,0
26834,0
26835,0
26893,0
26894,0
26904,0
26905,0
26910,0
26911,0
26914,0
26915,0
26922,0
26923,0
26926,0
26927,0
26928,0
26929,0
26934,0
26935,0
26940,0
26941,0
26942,0
26943,0
26945,0
26952,0
26955,0
26974,0
28019,0
28020,0
28023,90
28029,0
28031,0
28032,0
28034,0
28035,0
28037,0
28042,0
28045,0
28047,0
28049,0
28050,0
28051,0
28052,0
28053,0
28059,0
28060,0
28061,0
28065,0
28066,0
28067,0
28068,0
28070,0
28071,0
28076,0
28077,0
28078,0
28079,0
28080,0
28081,0
28083,0
28084,0
28091,0
28092,0
28094,0
28095,0
28096,0
28098,0
28102,0
28104,0
28105,0
28107,0
28109,0
28112,0
28119,0
28120,91
28124,0
28125,90
28126,0
28127,91
28128,0
28130,0
28131,90
28132,91
28133,0
28138,0
28139,0
28140,0
28141,0
28143,91
28144,0
28145,0
28146,0
28147,0
28148,0
28149,0
28150,0
28151,0
28152,0
28153,0
28154,0
28155,0
28156,0
28157,0
28158,0
28159,0
28160,0
28161,0
28162,0
28163,0
28164,0
28165,0
28166,0
28167,0
28169,0
28170,0
28171,0
28172,0
28173,0
28174,0
28175,0
28176,0
28177,0
28178,0
28179,0
28180,0
28181,0
28182,0
28183,0
28184,0
28185,0
28186,0
28187,0
28188,0
28189,0
28201,0
28202,0
28203,0
28207,0
28209,0
28210,0
28216,0
28217,0
28218,0
28219,0
28226,0
28227,0
28229,0
28231,0
28232,0
28233,0
28234,0
28235,0
28236,0
28238,0
28240,0
28241,0
28242,0
28243,0
28244,0
28245,0
28246,0
28247,0
28249,0
28250,0
28251,0
28252,0
28253,0
28256,0
28257,0
28259,0
28263,0
28264,0
28319,0
28324,92
28325,91
28330,92
28336,0
28340,0
28346,0
28347,90
28351,0
28352,90
28357,92
28358,91
28365,92
28366,91
28369,0
28370,0
28379,0
28384,0
28385,0
28387,90
28485,0
28488,0
28489,0
28490,0
28491,0
28492,0
28493,0
28497,0
28500,0
28501,0
28502,0
28503,0
28504,0
28506,0
28507,0
28508,0
28511,0
28512,0
28514,0
28516,0
28518,0
28521,0
28522,0
28527,0
28530,0
28531,0
28532,0
28533,0
28537,0
28540,0
28541,0
28544,0
28547,0
28549,0
28550,0
28551,0
28552,91
28553,0
28554,0
28555,0
28556,0
28557,0
28558,0
28559,0
28560,0
28561,0
28562,0
28563,0
28565,0
28567,0
28570,0
28572,0
28573,0
28574,0
28577,0
28579,0
28580,0
28581,0
28582,0
28583,0
28584,0
28585,0
28586,0
28588,0
28589,0
28590,0
28591,0
28592,0
28594,0
28595,0
28596,0
28597,0
28598,0
28599,0
28600,0
28601,0
28602,0
28604,0
28605,0
28606,0
28607,0
28610,0
28611,0
28612,0
28613,0
28614,0
28615,0
28616,0
28617,0
28620,0
28621,0
28622,0
28623,0
28624,0
28625,0
28626,0
28627,0
28628,0
28629,0
28631,0
28633,0
28634,0
28636,0
28637,0
28639,0
28640,0
28641,0
28642,0
28643,0
28644,0
28645,0
28646,0
28647,0
28648,0
28649,0
28650,0
28651,0
28652,0
28654,0
28655,0
28656,0
28657,0
28658,0
28660,0
28661,0
28662,0
28663,0
28664,0
28666,0
28667,0
28671,0
28672,0
28674,0
28675,0
28676,0
28677,0
28678,0
28682,0
28683,0
28684,0
28686,0
28688,0
28689,0
28690,0
28691,0
28693,0
28694,0
28695,0
28696,0
28697,0
28698,0
28699,0
28700,0
28706,0
28707,0
28709,0
28710,0
28712,0
28713,0
28714,0
28715,0
28716,0
28717,0
28718,0
28722,0
28723,0
28724,0
28726,0
28727,0
28728,0
28729,0
28730,0
28731,0
28732,0
28733,0
28734,0
28735,0
28737,0
28739,0
28741,0
28747,0
28748,0
28749,0
28750,0
28751,0
28752,0
28753,0
28754,0
28755,0
28756,0
28757,0
28759,0
28761,0
28762,0
28764,0
28765,0
28766,0
28767,0
28768,0
28769,0
28770,0
28772,0
28773,0
28774,0
28775,0
28776,0
28777,0
28778,0
28779,0
28780,0
28781,0
28783,0
28785,0
28786,0
28787,0
28788,0
28789,0
28790,0
28791,0
28792,0
28794,0
28795,0
28796,0
28797,0
28798,0
28799,0
28802,0
28803,0
28804,0
28805,0
28810,0
28811,0
28814,0
28816,0
28817,0
28818,0
28819,0
28820,0
28821,0
28822,0
28823,0
28824,0
28828,0
28830,0
28837,0
28842,0
28844,0
28845,0
28847,0
28849,0
28850,0
28854,0
28856,0
28858,0
28860,0
28861,0
28862,0
28867,0
28868,0
28870,0
28871,0
28873,0
28874,0
28875,0
28876,0
28877,0
28879,0
28880,0
28881,0
28882,0
28883,0
28884,0
28885,0
28886,0
28888,0
28891,0
28893,0
28894,0
28895,0
28896,0
28898,0
28899,0
28900,0
28901,0
28903,0
28904,0
28905,0
28906,0
28907,0
28909,0
28911,0
28912,91
28913,0
28915,0
28916,0
28922,0
28923,0
28924,0
28925,0
28930,0
28931,0
28932,0
28933,0
28934,0
28935,0
28936,0
28937,0
28938,0
28939,0
28940,0
28941,0
28942,0
28943,0
28944,0
28945,0
28946,0
28948,0
28950,0
28957,0
28961,0
28962,0
28966,0
28970,0
28971,0
28980,0
28981,0
28982,0
28983,0
28984,0
28987,0
28992,0
28993,0
28998,0
29003,0
29018,0
29028,0
29031,0
29037,0
29039,0
29040,0
29042,0
29043,0
29046,0
29047,0
29048,0
29049,0
29050,0
29051,0
29052,0
29053,0
29054,0
29055,0
29058,0
29059,0
29060,0
29063,0
29064,0
29065,0
29066,0
29071,0
29073,0
29075,0
29078,0
29079,0
29080,0
29081,0
29082,0
29083,0
29084,0
29086,0
29090,0
29092,0
29094,0
29095,0
29098,0
29099,0
29100,0
29101,0
29103,0
29105,0
29106,0
29108,0
29109,0
29110,0
29111,0
29112,0
29115,0
29116,0
29119,0
29120,0
29122,0
29123,0
29125,0
29126,0
29127,0
29128,0
29129,0
29130,0
29131,0
29132,0
29133,0
29134,0
29135,0
29137,0
29139,0
29140,0
29141,0
29142,0
29143,0
29144,0
29145,0
29146,0
29148,0
29150,0
29151,0
29152,0
29154,0
29155,0
29156,0
29158,0
29159,0
29160,0
29161,0
29162,0
29163,0
29164,0
29165,0
29166,0
29168,0
29169,0
29171,0
29172,0
29179,0
29180,0
29182,0
29184,0
29185,0
29186,0
29188,0
29189,0
29193,0
29197,0
29199,0
29200,0
29202,0
29204,0
29205,0
29206,0
29213,0
29214,0
29215,0
29216,0
29217,0
29218,0
29219,0
29220,0
29221,0
29222,0
29223,0
29224,0
29225,0
29226,0
29227,0
29228,0
29229,0
29230,0
29231,0
29232,0
29233,0
29234,0
29235,0
29236,0
29238,0
29239,0
29240,0
29241,0
29242,0
29243,0
29244,0
29245,0
29246,0
29248,0
29249,0
29250,0
29251,0
29252,0
29253,0
29254,0
29255,0
29256,0
29257,0
29258,0
29259,0
29260,0
29261,0
29262,0
29263,0
29264,0
29265,0
29266,0
29267,0
29268,0
29269,0
29270,0
29271,0
29272,0
29273,0
29274,0
29275,0
29276,0
29277,0
29278,0
29279,0
29280,0
29281,0
29282,0
29283,0
29285,0
29286,0
29288,0
29291,0
29292,0
29293,0
29294,0
29295,0
29297,0
29300,0
29306,0
29307,0
29309,0
29313,0
29314,0
29315,0
29321,0
29322,0
29326,0
29329,0
29330,0
29331,0
29332,0
29333,0
29334,0
29335,0
29336,0
29339,0
29340,0
29343,0
29344,0
29346,0
29347,0
29349,0
29350,0
29351,0
29354,0
29355,0
29358,0
29359,0
29360,0
29361,0
29363,0
29364,0
29365,0
29366,0
29368,0
29369,0
29371,0
29372,0
29373,0
29374,0
29375,0
29376,0
29379,0
29380,0
29382,0
29383,0
29384,0
29385,0
29386,0
29387,0
29390,0
29391,0
29392,0
29393,0
29394,0
29398,0
29399,0
29402,0
29403,0
29404,0
29405,0
29406,0
29407,0
29408,0
29412,0
29423,0
29424,0
29425,0
29437,0
29443,0
29444,0
29445,0
29448,0
29449,0
29450,0
29452,0
29453,0
29454,0
29455,0
29458,0
29459,0
29461,0
29462,0
29463,0
29464,0
29465,0
29467,0
29468,0
29469,0
29470,0
29471,0
29473,0
29476,0
29477,0
29478,0
29481,0
29484,0
29485,0
29486,0
29488,0
29489,0
29490,0
29492,0
29494,0
29496,0
29498,0
29499,0
29500,0
29501,0
29502,0
29503,0
29506,0
29509,0
29510,0
29511,0
29512,0
29513,0
29514,0
29515,0
29516,0
29518,0
29519,0
29522,0
29523,0
29525,0
29526,0
29527,0
29528,0
29530,0
29531,0
29532,0
29533,0
29534,0
29535,0
29536,0
29537,0
29538,0
29540,0
29541,0
29542,0
29544,0
29545,0
29546,0
29547,0
29548,0
29550,0
29551,0
29553,0
29555,0
29559,0
29560,0
29561,0
29562,0
29567,0
29568,0
29571,0
29573,0
29574,0
29576,0
29578,0
29579,0
29580,0
29581,0
29583,0
29586,0
29589,0
29590,0
29591,0
29593,0
29595,0
29598,0
29601,0
29604,0
29605,0
29606,0
29607,0
29608,0
29621,0
29622,0
29624,0
29626,0
29627,0
29628,0
29629,0
29630,0
29632,0
29638,0
29640,0
29642,0
29645,0
29646,0
29648,0
29649,0
29650,0
29651,0
29652,0
29653,0
29654,0
29655,0
29658,0
29661,0
29666,0
29671,0
29672,0
29673,0
29674,0
29675,0
29676,0
29678,0
29680,0
29683,0
29684,0
29685,0
29687,0
29688,0
29690,0
29691,0
29692,0
29693,0
29698,0
29699,0
29700,0
29701,0
29702,0
29703,0
29704,0
29705,0
29706,0
29708,0
29710,0
29711,0
29712,0
29713,0
29714,0
29716,0
29719,0
29721,0
29723,0
29725,0
29728,0
29729,0
29730,0
29731,0
29732,0
29734,0
29736,0
29739,0
29741,0
29742,0
29743,0
29744,0
29745,0
29748,0
29750,0
29751,0
29752,0
29754,0
29755,0
29758,0
29759,0
29760,0
29762,0
29763,0
29765,0
29766,0
29768,0
29769,0
29770,0
29773,0
29776,0
29778,0
29782,0
29783,0
29785,0
29786,0
29788,0
29792,0
29793,0
29794,0
29795,0
29796,0
29800,0
29801,0
29803,0
29804,0
29805,0
29817,0
29818,0
29819,0
29820,0
29827,0
29833,0
29834,0
29835,0
29843,0
29844,0
29845,0
29846,0
29847,0
29849,0
29852,0
29853,0
29858,0
29861,0
29862,0
29863,0
29864,0
29865,0
29867,0
29868,0
29870,0
29872,0
29876,0
29879,0
29880,0
29881,0
29882,0
29883,0
29884,0
29885,0
29889,0
29892,0
29893,0
29895,0
29898,0
29900,90
29901,0
29903,0
29904,0
29905,0
29908,0
29909,0
29910,0
29911,0
29920,0
29928,0
29930,0
29933,0
29935,0
29936,0
29938,0
29939,0
29940,0
29945,0
29947,0
29948,0
29957,0
29958,0
29959,0
29960,0
29961,0
29962,0
29967,0
29977,0
29978,0
29979,0
29980,0
29981,0
29982,0
29983,0
29984,0
29986,0
29987,0
29990,0
29993,0
29996,0
29999,0
30000,0
30003,0
30004,0
30006,0
30008,0
30009,0
30010,0
30011,0
30012,0
30013,0
30014,0
30015,0
30016,0
30018,0
30022,0
30025,0
30026,0
30029,0
30031,0
30033,0
30034,0
30036,0
30037,0
30038,0
30039,0
30040,0
30041,0
30042,0
30043,0
30044,0
30045,0
30046,0
30047,0
30048,0
30049,0
30050,0
30051,0
30055,0
30066,0
30069,0
30070,0
30071,0
30072,0
30073,0
30074,0
30075,0
30076,0
30078,0
30082,0
30084,0
30104,0
30105,0
30107,0
30114,0
30116,0
30118,0
30119,0
30121,0
30128,0
30131,0
30144,0
30145,0
30146,0
30147,0
30161,0
30162,0
30163,0
30165,0
30169,0
30184,0
30185,0
30188,0
30194,0
30199,0
30201,0
30202,0
30203,0
30204,0
30212,0
30215,0
30218,0
30221,0
30222,0
30226,0
30228,0
30231,0
30232,0
30233,0
30241,0
30244,0
30249,0
30250,0
30251,0
30264,0
30265,0
30268,0
30271,0
30276,0
30280,0
30281,0
30305,0
30311,0
30314,0
30316,0
30317,0
30330,0
30332,0
30333,0
30334,0
30335,0
30336,0
30337,0
30338,0
30339,0
30340,0
30341,0
30342,0
30343,91
30344,0
30345,0
30346,0
30347,0
30348,0
30349,0
30350,0
30351,0
30352,90
30353,91
30354,0
30355,0
30356,0
30357,0
30358,0
30359,0
30360,0
30361,0
30362,0
30363,0
30364,0
30365,0
30366,0
30367,0
30368,0
30369,0
30370,0
30371,0
30372,0
30373,0
30374,0
30375,0
30376,0
30377,0
30378,0
30379,0
30380,0
30381,0
30382,0
30383,0
30384,0
30385,0
30386,0
30387,0
30388,0
30389,0
30390,0
30391,0
30392,0
30393,0
30394,0
30395,0
30396,0
30397,0
30398,0
30401,0
30402,0
30403,0
30404,0
30405,0
30406,0
30407,0
30408,0
30409,0
30410,0
30412,0
30413,90
30414,0
30415,0
30416,0
30417,0
30418,0
30419,0
30420,0
30421,0
30422,0
30423,0
30424,0
30425,0
30426,0
30427,0
30428,0
30429,0
30430,0
30431,0
30432,0
30436,0
30437,0
30438,0
30439,0
30440,0
30441,0
30443,0
30444,0
30445,0
30446,0
30448,0
30449,0
30450,0
30452,0
30453,0
30454,0
30455,0
30456,0
30459,0
30460,0
30462,0
30463,0
30464,0
30467,0
30468,0
30470,0
30471,0
30473,0
30474,0
30475,0
30476,0
30477,0
30478,0
30479,0
30480,0
30483,0
30484,0
30485,0
30486,0
30487,0
30488,0
30489,0
30490,0
30491,0
30492,0
30493,0
30494,0
30495,0
30496,0
30497,0
30498,0
30499,0
30500,0
30502,0
30503,0
30504,0
30505,0
30506,0
30507,0
30508,0
30511,0
30514,0
30515,0
30516,0
30517,0
30523,0
30525,0
30526,0
30527,0
30528,0
30531,0
30532,0
30533,0
30534,0
30536,0
30537,0
30538,0
30539,0
30540,0
30541,0
30542,0
30543,0
30544,0
30546,0
30548,0
30549,0
30550,0
30551,0
30552,0
30553,0
30554,0
30555,0
30558,0
30559,0
30560,0
30562,0
30564,0
30565,0
30566,0
30567,0
30569,0
30570,0
30571,0
30573,0
30574,0
30575,0
30576,0
30577,0
30578,0
30581,0
30583,0
30584,0
30585,0
30586,0
30587,0
30588,0
30589,0
30591,0
30592,0
30593,0
30594,0
30595,0
30596,0
30597,0
30599,0
30600,0
30602,0
30603,0
30604,0
30605,0
30606,0
30607,0
30609,0
30610,0
30611,0
30612,0
30613,0
30614,0
30615,0
30616,0
30617,0
30618,0
30620,0
30621,0
30622,0
30623,0
30625,0
30626,0
30627,0
30628,0
30629,0
30630,0
30631,0
30632,0
30633,0
30634,0
30635,0
30636,0
30637,0
30638,0
30639,0
30640,0
30642,0
30643,0
30644,0
30645,0
30646,0
30647,0
30648,0
30651,0
30652,0
30653,0
30654,0
30655,0
30656,0
30657,0
30659,0
30664,0
30670,0
30671,0
30672,0
30673,0
30674,0
30675,0
30676,0
30677,0
30678,0
30679,0
30680,0
30681,0
30683,0
30684,0
30685,0
30686,0
30687,0
30688,0
30689,0
30690,0
30691,0
30692,0
30693,0
30694,0
30695,0
30696,0
30697,0
30698,0
30699,0
30700,0
30701,0
30702,0
30703,0
30705,0
30707,0
30708,0
30710,0
30711,0
30712,0
30713,0
30714,0
30715,0
30716,0
30717,0
30720,0
30722,0
30723,0
30724,0
30725,0
30726,0
30727,0
30728,0
30729,0
30730,0
30731,0
30732,0
30734,0
30735,0
30736,0
30738,0
30739,0
30740,0
30741,0
30743,0
30744,0
30746,0
30747,0
30749,0
30752,0
30753,0
30755,0
30756,0
30757,0
30759,0
30760,0
30761,0
30763,0
30764,0
30765,0
30766,0
30767,0
30768,0
30769,0
30783,0
30784,0
30786,0
30787,0
30788,0
30789,0
30790,0
30791,0
30792,0
30794,0
30795,0
30796,0
30797,0
30798,0
30799,0
30800,0
30801,0
30803,0
30804,0
30805,0
30807,0
30808,0
30809,0
30812,0
30815,0
30816,0
30817,0
30818,0
30820,0
30823,0
30825,0
30826,0
30827,0
30829,0
30830,0
30831,0
30832,0
30835,0
30837,0
30838,0
30840,0
30841,0
30843,0
30844,0
30849,0
30850,0
30851,0
30854,0
30855,0
30856,0
30859,0
30861,0
30862,0
30866,91
30868,0
30869,0
30870,0
30874,0
30876,0
30877,0
30879,0
30883,0
30884,0
30885,0
30886,0
30888,0
30890,0
30891,0
30898,0
30899,0
30901,0
30905,0
30907,0
30909,0
30912,0
30913,0
30914,0
30915,0
30920,0
30922,0
30923,0
30925,0
30926,0
30927,0
30928,0
30929,0
30940,0
30941,0
30942,0
30943,0
30945,0
30946,0
30949,0
30951,0
30953,0
30954,0
30958,0
30961,0
30962,0
30963,0
30965,0
30966,0
30967,0
30968,0
30970,0
30971,0
30972,0
30974,0
30975,0
30976,0
30979,0
30980,0
30991,0
30995,0
31007,0
31016,0
31018,0
31019,0
31020,0
31033,0
31034,0
31035,0
31036,0
31038,0
31041,0
31042,0
31043,0
31044,0
31048,0
31049,0
31050,0
31051,0
31054,0
31055,0
31056,0
31058,0
31059,0
31060,0
31062,0
31063,0
31064,0
31065,0
31066,0
31068,0
31069,0
31070,0
31072,0
31078,0
31079,0
31080,0
31084,0
31087,0
31088,0
31090,0
31091,0
31092,0
31093,0
31094,0
31096,0
31097,0
31098,0
31100,0
31101,0
31102,0
31103,0
31105,0
31106,0
31108,0
31110,0
31111,0
31113,0
31114,0
31116,0
31117,0
31118,0
31119,0
31128,0
31131,0
31133,0
31134,0
31135,0
31139,0
31143,0
31144,0
31145,0
31146,0
31150,0
31153,0
31154,0
31159,0
31161,0
31162,0
31163,0
31164,0
31165,0
31166,0
31167,0
31168,0
31170,0
31171,0
31172,0
31173,0
31174,0
31175,0
31176,0
31178,0
31180,0
31181,0
31183,0
31184,0
31185,0
31186,0
31192,0
31193,0
31194,0
31195,0
31196,0
31198,0
31202,0
31203,0
31204,0
31205,0
31206,0
31208,0
31216,0
31218,0
31219,0
31220,0
31221,0
31226,0
31228,0
31229,0
31230,0
31231,0
31232,0
31235,0
31236,0
31238,0
31239,0
31246,0
31248,0
31249,0
31250,0
31252,0
31253,0
31254,0
31255,0
31256,0
31257,0
31258,0
31272,0
31274,0
31279,0
31281,0
31285,0
31288,0
31295,0
31296,0
31297,0
31298,0
31299,0
31300,0
31301,0
31312,0
31313,0
31314,0
31315,0
31316,0
31317,0
31318,0
31332,0
31333,0
31334,0
31335,0
31336,0
31337,0
31338,0
31347,92
31351,0
31352,0
31353,0
31355,0
31356,0
31369,0
31370,0
31371,0
31372,0
31373,0
31378,0
31379,0
31380,0
31381,0
31383,0
31384,0
31385,0
31388,0
31389,0
31390,0
31391,0
31394,0
31396,0
31398,0
31401,0
31404,0
31409,0
31411,0
31412,0
31413,0
31414,0
31415,0
31416,0
31418,0
31419,0
31422,0
31423,0
31424,0
31425,0
31426,0
31427,0
31429,92
31430,0
31432,0
31434,0
31435,0
31436,0
31438,0
31444,0
31446,0
31448,0
31449,0
31450,0
31451,0
31452,0
31457,0
31459,0
31460,0
31461,0
31462,0
31463,0
31464,0
31466,0
31467,0
31468,0
31469,0
31470,0
31471,0
31472,0
31473,0
31474,0
31475,0
31476,0
31477,0
31479,0
31480,0
31481,0
31482,0
31484,0
31485,0
31486,0
31488,0
31489,0
31494,0
31496,0
31498,0
31501,0
31503,0
31504,0
31508,0
31509,0
31510,0
31511,0
31512,0
31513,0
31514,0
31515,0
31517,0
31518,0
31519,0
31520,0
31521,0
31522,0
31523,0
31524,0
31525,0
31526,0
31528,0
31529,0
31530,0
31531,0
31537,0
31538,0
31539,0
31540,0
31541,0
31542,0
31543,0
31544,0
31545,0
31546,0
31548,0
31549,0
31550,0
31551,0
31552,0
31553,0
31554,0
31555,0
31558,0
31559,0
31562,0
31565,0
31566,0
31567,0
31574,0
31575,0
31576,0
31579,0
31583,0
31584,0
31585,0
31586,0
31589,0
31590,0
31593,0
31594,0
31595,0
31596,0
31598,0
31600,0
31601,0
31605,0
31606,0
31608,0
31609,0
31610,0
31611,0
31612,0
31613,0
31614,0
31619,0
31620,0
31621,0
31622,0
31623,0
31633,0
31634,0
31635,0
31636,0
31645,0
31646,0
31648,0
31651,0
31652,0
31653,0
31657,0
31658,0
31659,0
31660,0
31661,0
31662,0
31663,0
31664,0
31680,0
31681,0
31682,0
31683,0
31684,0
31685,0
31686,0
31688,0
31691,0
31692,0
31693,0
31694,0
31695,0
31699,0
31700,0
31701,0
31702,0
31703,0
31704,0
31705,0
31706,0
31708,0
31709,0
31710,0
31717,0
31719,0
31720,0
31726,0
31728,0
31731,0
31732,0
31735,0
31750,0
31751,0
31759,0
31761,0
31768,0
31769,0
31776,0
31782,0
31783,0
31784,0
31802,0
31803,0
31804,0
31805,0
31806,0
31808,0
31809,0
31810,0
31814,0
31818,0
31819,0
31820,0
31821,0
31822,0
31823,0
31824,0
31825,0
31826,0
31829,0
31830,0
31831,0
31833,0
31834,0
31835,0
31838,0
31839,0
31840,0
31841,0
31842,0
31843,0
31845,0
31846,0
31848,0
31849,0
31850,0
31852,0
31853,0
31855,0
31856,0
31859,0
31860,0
31861,0
31863,0
31865,0
31866,0
31867,0
31868,0
31869,0
31872,0
31873,0
31874,0
31876,0
31879,0
31880,0
31881,0
31882,0
31883,0
31884,0
31885,0
31886,0
31889,0
31890,0
31895,0
31896,0
31899,0
31900,0
31901,0
31902,0
31903,0
31904,0
31906,0
31908,0
31909,0
31910,0
31911,0
31912,0
31914,0
31915,0
31916,0
31918,0
31919,0
31920,0
31922,0
31923,0
31926,0
31928,0
31930,0
31931,0
31933,0
31934,0
31938,0
31939,0
31940,0
31942,0
31943,0
31945,0
31946,0
31951,0
31952,0
31960,0
31961,0
31962,0
31963,0
31970,0
31971,0
31972,0
31974,0
31975,0
31976,0
31977,0
31979,0
31981,0
31986,0
31992,0
31993,0
31995,0
31998,0
32001,0
32004,0
32005,0
32008,0
32010,0
32014,0
32015,0
32016,0
32017,0
32018,0
32019,0
32020,0
32021,0
32022,0
32024,0
32026,0
32027,0
32028,0
32030,0
32031,0
32032,0
32033,0
32036,0
32040,0
32041,0
32043,0
32058,0
32059,0
32060,0
32063,0
32064,0
32072,0
32073,0
32074,0
32075,0
32076,0
32078,0
32079,0
32082,0
32083,0
32084,0
32085,0
32086,0
32088,0
32091,0
32092,0
32095,0
32096,0
32100,0
32101,0
32103,0
32104,0
32107,0
32110,0
32111,0
32117,0
32119,0
32120,0
32121,0
32122,0
32124,0
32146,0
32147,0
32148,0
32149,0
32157,0
32161,0
32164,0
32166,0
32174,0
32182,0
32183,0
32194,0
32195,0
32196,0
32199,0
32200,0
32201,0
32202,0
32203,0
32204,0
32205,0
32206,0
32207,0
32208,0
32209,0
32210,0
32211,0
32212,0
32214,0
32215,0
32219,0
32220,0
32221,0
32223,0
32224,0
32225,0
32227,0
32229,0
32230,0
32232,0
32233,0
32235,0
32236,0
32237,0
32238,0
32239,0
32241,0
32243,0
32246,0
32250,0
32251,0
32255,0
32260,0
32261,0
32262,0
32263,0
32264,0
32265,0
32266,0
32268,0
32272,0
32273,0
32278,0
32279,0
32284,0
32286,0
32289,0
32290,0
32291,0
32293,0
32295,0
32301,0
32304,0
32306,0
32307,0
32308,0
32309,0
32310,0
32311,0
32312,0
32313,0
32314,0
32315,0
32316,0
32317,0
32318,0
32319,0
32321,0
32323,0
32324,0
32326,0
32327,0
32328,0
32329,0
32331,0
32337,0
32340,0
32341,0
32343,0
32350,0
32351,0
32352,0
32353,0
32357,0
32359,0
32360,0
32362,0
32363,0
32364,0
32365,0
32372,0
32376,0
32377,0
32378,0
32379,0
32380,0
32381,0
32384,0
32385,0
32386,0
32387,0
32388,0
32389,0
32390,0
32397,0
32407,0
32408,0
32410,0
32411,0
32412,0
32413,0
32415,0
32417,0
32419,0
32421,0
32427,0
32438,0
32448,0
32456,0
32460,0
32461,0
32463,0
32470,0
32471,0
32472,0
32473,0
32474,0
32475,0
32476,0
32478,0
32479,0
32480,0
32481,0
32483,0
32485,0
32489,0
32490,0
32491,0
32492,0
32496,0
32503,0
32509,0
32520,0
32522,0
32524,0
32525,0
32528,0
32529,0
32530,0
32533,0
32534,0
32535,0
32536,0
32538,0
32539,0
32540,0
32541,0
32543,0
32544,0
32547,0
32549,0
32550,0
32551,0
32552,0
32553,0
32554,0
32555,0
32556,0
32558,0
32559,0
32560,0
32561,0
32563,0
32564,0
32565,0
32566,0
32568,0
32569,0
32570,0
32571,0
32572,0
32573,0
32574,0
32575,0
32576,0
32578,0
32579,0
32580,0
32581,0
32582,0
32585,0
32586,0
32588,0
32590,0
32591,0
32592,0
32596,0
32599,0
32623,0
32624,0
32625,0
32626,0
32629,0
32630,0
32631,0
32633,0
32634,0
32635,0
32636,0
32637,0
32638,0
32639,0
32640,0
32649,0
32651,0
32662,0
32670,0
32671,0
32673,0
32675,0
32676,0
32678,0
32679,0
32680,0
32682,0
32689,0
32690,0
32691,0
32694,0
32696,0
32698,0
32699,0
32701,0
32719,0
32725,0
32726,0
32733,0
32734,0
32735,0
32751,0
32752,0
32753,0
32767,0
32768,0
32775,0
32776,0
32777,0
32778,0
32779,0
32780,0
32781,0
32783,0
32784,0
32785,0
32786,0
32788,0
32789,0
32790,0
32793,0
32794,0
32795,0
32796,0
32798,0
32800,0
32812,0
32828,0
32829,0
32830,0
32831,0
32843,0
32844,0
32853,0
32854,0
32855,0
32856,0
32858,0
32859,0
32860,0
32863,0
32864,0
32865,0
32866,0
32869,0
32870,0
32871,0
32872,0
32873,0
32874,0
32875,0
32879,0
32881,0
32883,0
32885,0
32891,0
32900,0
32901,0
32906,0
32908,0
32910,0
32915,0
32916,0
32918,0
32919,0
32920,0
32923,0
32924,0
32925,0
32926,0
32928,0
32929,0
32930,0
32932,0
32933,0
32934,0
32936,0
32938,0
32939,0
32940,0
32941,0
32944,0
32945,0
32948,0
32949,0
32950,0
32956,0
32958,0
32974,0
32975,0
32977,0
32978,0
32979,0
32980,0
32981,0
32983,0
32984,0
32985,0
32986,0
32987,0
32988,0
32989,0
32990,0
32991,0
32992,0
32993,0
32995,0
32996,0
32998,0
32999,0
33000,0
33001,0
33002,0
33007,0
33009,0
33021,0
33023,0
33024,0
33025,0
33026,0
33028,0
33031,0
33034,0
33035,0
33036,0
33052,0
33053,0
33056,0
33058,0
33059,0
33062,0
33067,0
33070,0
33072,0
33074,0
33076,0
33077,0
33078,0
33079,0
33080,0
33081,0
33082,0
33083,0
33084,0
33085,0
33086,0
33092,0
33099,0
33100,0
33102,0
33107,0
33109,0
33112,0
33115,0
33116,0
33117,0
33119,0
33121,0
33122,0
33123,0
33125,0
33126,0
33127,0
33129,0
33132,0
33137,0
33138,0
33139,0
33140,0
33141,0
33144,0
33146,0
33148,0
33150,0
33151,0
33153,0
33156,0
33160,0
33162,0
33164,0
33165,0
33166,0
33167,0
33168,0
33169,0
33170,0
33172,0
33173,0
33185,0
33186,0
33188,0
33189,0
33190,0
33191,0
33193,0
33194,0
33198,0
33199,0
33200,0
33201,0
33204,0
33205,0
33206,0
33210,0
33212,0
33213,0
33214,0
33215,0
33222,0
33223,0
33224,0
33225,0
33227,0
33232,0
33240,0
33241,0
33242,0
33243,0
33244,0
33245,0
33246,0
33250,0
33283,0
33284,0
33285,0
33286,0
33288,0
33289,0
33290,0
33291,0
33296,0
33297,0
33298,0
33299,0
33300,0
33301,0
33302,0
33304,0
33319,0
33321,0
33323,0
33327,0
33330,0
33332,0
33338,0
33339,0
33340,0
33343,0
33344,0
33345,0
33346,0
33349,0
33351,0
33355,0
33357,0
33358,0
33359,0
33360,0
33362,0
33364,0
33366,0
33367,0
33369,0
33370,0
33371,0
33372,0
33373,0
33374,0
33375,0
33378,0
33379,0
33380,0
33381,0
33382,0
33388,0
33389,0
33390,0
33392,0
33393,0
33394,0
33396,0
33404,0
33416,92
33417,92
33418,0
33419,0
33421,0
33433,92
33438,0
33439,0
33443,0
33444,90
33445,0
33446,0
33447,0
33448,0
33449,0
33454,91
33455,90
33456,0
33457,91
33458,0
33459,0
33460,0
33463,90
33464,91
33467,91
33469,90
33470,0
33474,0
33475,0
33476,0
33478,0
33479,0
33480,0
33481,0
33483,0
33484,0
33485,0
33488,0
33490,0
33493,0
33495,0
33499,0
33500,0
33503,0
33507,0
33509,0
33516,0
33517,0
33518,0
33519,0
33522,0
33523,0
33524,0
33530,92
33531,90
33532,91
33536,0
33537,0
33539,0
33540,0
33541,0
33544,0
33545,0
33546,0
33547,0
33550,0
33553,0
33555,0
33556,0
33559,0
33560,0
33562,0
33563,0
33564,0
33568,0
33569,0
33577,0
33580,0
33581,0
33582,0
33585,0
33586,0
33592,0
33593,0
33594,0
33619,0
33620,0
33621,0
33622,0
33623,92
33624,0
33631,0
33632,0
33633,92
33634,0
33635,0
33636,0
33637,92
33638,92
33639,0
33640,0
33641,90
33642,91
33649,0
33651,0
33652,0
33662,0
33664,0
33665,0
33673,0
33674,0
33676,0
33677,0
33679,0
33683,0
33685,0
33687,0
33689,0
33690,0
33691,0
33696,0
33699,0
33700,0
33709,0
33710,0
33725,0
33735,0
33742,0
33747,0
33751,0
33752,0
33754,0
33757,0
33761,0
33762,0
33768,0
33771,0
33781,0
33791,0
33792,0
33794,0
33802,0
33803,0
33804,0
33808,0
33815,0
33817,0
33819,0
33820,0
33821,0
33822,0
33823,0
33829,0
33830,0
33843,0
33844,0
33854,0
33855,0
33856,0
33857,0
33858,0
33859,0
33860,0
33862,0
33866,0
33867,0
33868,0
33872,0
33873,0
33875,0
33877,0
33878,0
33879,0
33880,0
33881,0
33883,0
33884,0
33886,0
33889,0
33904,0
33915,0
33916,0
33917,0
33920,0
33921,0
33924,0
33926,0
33927,0
33930,0
33933,0
33934,0
33935,0
33938,0
33945,0
33946,0
33949,0
33951,0
33955,0
33962,0
33963,0
33964,0
33968,0
33971,0
33976,0
33977,0
33978,0
33980,0
33983,0
33984,0
33985,0
33986,0
33988,0
33989,0
33992,0
33994,0
34000,0
34003,0
34004,0
34005,0
34016,0
34017,0
34018,0
34039,0
34042,0
34043,0
34053,0
34054,0
34058,0
34071,0
34072,0
34075,0
34076,0
34077,0
34079,0
34080,0
34083,0
34086,0
34087,0
34088,0
34090,0
34092,0
34093,0
34094,0
34098,0
34107,0
34110,0
34111,0
34112,0
34115,0
34123,0
34125,0
34126,0
34127,0
34130,0
34131,0
34132,0
34133,0
34134,0
34135,0
34136,0
34137,0
34138,0
34139,0
34140,0
34141,0
34142,0
34144,91
34145,90
34149,0
34150,0
34154,0
34155,0
34156,0
34158,0
34168,0
34177,0
34180,0
34184,0
34187,0
34189,0
34196,0
34198,0
34199,0
34201,0
34202,0
34204,0
34205,0
34207,0
34211,0
34212,0
34213,0
34232,0
34233,0
34236,0
34238,0
34241,0
34242,0
34246,0
34251,0
34252,0
34262,0
34273,0
34274,0
34280,0
34293,0
34294,0
34296,0
34300,0
34304,0
34306,0
34307,0
34310,0
34311,0
34312,0
34313,0
34315,0
34317,0
34318,0
34319,0
34321,0
34329,0
34331,0
34338,0
34340,0
34341,0
34343,0
34347,0
34357,0
34372,0
34373,0
34377,0
34378,0
34380,0
34382,0
34386,0
34394,0
34397,0
34398,0
34399,0
34401,0
34415,0
34420,0
34421,0
34431,0
34432,0
34441,0
34455,0
34477,0
34480,0
34481,0
34482,0
34488,0
34489,0
34490,0
34491,0
34492,0
34493,0
34496,0
34498,0
34501,0
34502,0
34507,0
34508,0
34509,0
34510,0
34511,0
34512,0
34515,0
34516,0
34526,0
34527,0
34529,0
34532,0
34533,0
34534,0
34538,0
34542,0
34546,0
34547,0
34548,0
34549,0
34554,0
34555,0
34556,0
34558,0
34568,0
34571,0
34572,0
34578,0
34580,0
34584,0
34585,0
34590,0
34592,0
34597,0
34598,0
34600,0
34601,0
34611,0
34612,0
34613,0
34618,0
34622,0
34624,0
34625,0
34626,0
34627,0
34628,0
34629,0
34632,0
34633,0
34636,0
34637,0
34638,0
34639,0
34640,0
34641,0
34642,0
34643,0
34644,0
34647,0
34650,0
34651,0
34652,0
34656,0
34657,0
34660,0
34662,0
34663,0
34668,0
34674,0
34675,0
34676,0
34677,0
34679,0
34681,0
34682,0
34693,0
34694,0
34695,0
34696,0
34697,0
34698,0
34700,0
34701,0
34706,0
34707,0
34708,0
34712,0
34713,0
34722,0
34725,0
34730,0
34731,0
34742,0
34743,0
34750,0
34754,0
34764,0
34767,0
34772,0
34775,0
34776,0
34777,0
34778,0
34779,0
34780,0
34781,0
34782,0
34783,0
34785,0
34787,0
34789,0
34804,0
34828,0
34841,0
34844,0
34848,0
34854,0
34859,0
34860,0
34864,0
34866,0
34867,0
34868,0
34869,0
34870,0
34871,0
34892,0
34894,0
34897,0
34905,0
34907,0
34908,90
34909,0
34910,0
34911,0
34913,0
34914,0
34939,0
34940,0
34941,0
34947,0
34948,0
34949,0
34976,0
34978,0
34985,0
34986,0
35004,0
35005,0
35008,0
35009,0
35010,0
35011,0
35034,0
35042,0
35043,90
35046,92
35047,91
35051,0
35053,0
35055,0
35065,92
35066,0
35067,91
35068,90
35070,0
35071,0
35072,0
35074,0
35080,0
35089,0
35090,0
35091,0
35092,0
35093,0
35104,0
35105,0
35106,0
35107,0
35108,0
35109,0
35110,0
35111,0
35112,0
35113,0
35114,0
35115,0
35116,0
35117,0
35120,0
35121,0
35122,0
35123,0
35124,0
35125,0
35126,0
35127,0
35128,0
35129,0
35130,0
35131,0
35132,0
35133,0
35134,0
35135,0
35136,0
35137,0
35138,0
35139,0
35140,0
35141,0
35142,0
35144,0
35145,0
35146,0
35148,0
35149,0
35153,0
35154,0
35155,0
35156,0
35157,0
35159,0
35160,0
35162,0
35164,0
35165,0
35166,0
35167,0
35169,0
35170,0
35171,0
35172,0
35173,0
35175,0
35176,0
35177,0
35179,0
35180,0
35193,92
35199,90
35200,91
35201,0
35202,90
35203,0
35204,0
35213,91
35217,0
35218,0
35219,90
35221,0
35227,0
35233,0
35234,0
35235,0
35236,0
35240,0
35241,0
35246,0
35247,0
35248,0
35252,0
35253,0
35254,0
35257,0
35259,0
35305,0
35323,90
35324,91
35325,0
35327,0
35328,0
35329,0
35331,0
35332,0
35334,0
35340,0
35350,91
35351,92
35352,0
35353,0
35361,0
35362,0
35363,0
35364,0
35392,0
35398,0
35399,0
35406,0
35413,0
35414,0
35415,0
35416,0
35417,0
35419,0
35421,0
35422,91
35423,0
35427,0
35429,0
35430,0
35434,90
35435,0
35436,0
35437,0
35438,0
35439,0
35440,0
35441,0
35442,0
35443,0
35444,0
35445,0
35446,0
35448,0
35449,0
35450,0
35451,0
35452,0
35454,0
35455,0
35456,0
35529,0
35530,0
35534,0
35540,0
35543,0
35544,0
35553,0
35557,0
35559,0
35568,0
35576,0
35577,0
35578,0
35588,0
35589,0
35594,0
35595,0
35597,0
35598,0
35600,0
35601,0
35602,0
35604,0
35606,0
35609,0
35611,0
35613,0
35614,0
35615,0
35616,0
35617,0
35618,0
35619,0
35621,0
35625,0
35627,0
35628,0
35630,0
35632,0
35633,0
35634,0
35636,0
35640,0
35641,0
35643,0
35646,0
35656,0
35661,0
35662,0
35663,0
35664,0
35665,0
35666,0
35667,0
35668,0
35669,0
35670,0
35671,0
35672,0
35673,0
35674,0
35675,0
35676,0
35677,0
35678,0
35679,0
35680,0
35681,0
35682,0
35683,0
35684,0
35685,0
35686,0
35687,0
35688,0
35689,0
35690,0
35691,0
35694,0
35695,0
35696,0
35699,0
35700,0
35701,0
35703,0
35704,0
35705,0
35706,0
35707,0
35710,0
35711,0
35712,0
35713,0
35714,0
35715,0
35716,0
35717,0
35718,0
35722,0
35723,0
35724,0
35728,0
35729,0
35734,0
35735,0
35736,0
35740,0
35741,0
35742,0
35743,0
35746,0
35751,0
35752,0
35755,0
35756,0
35757,0
35758,0
35759,0
35760,0
35761,0
35982,91
36087,0
36202,0
36203,0
36204,0
36205,0
36206,0
36207,0
36208,0
36210,0
36211,0
36212,0
36213,0
36218,0
36219,0
36220,0
36223,0
36224,0
36225,0
36228,0
36229,0
36234,0
36236,0
36238,0
36239,0
36243,0
36244,0
36245,0
36246,0
36249,0
36253,0
36254,0
36255,0
36256,0
36258,0
36259,0
36261,0
36262,0
36263,0
36264,0
36267,0
36268,0
36270,0
36274,0
36277,0
36278,0
36280,0
36281,0
36282,0
36284,0
36285,0
36286,0
36292,0
36294,0
36296,0
36297,0
36301,0
36307,0
36310,0
36311,0
36319,0
36321,0
36336,0
36337,0
36338,0
36339,0
36340,0
36342,0
36343,0
36344,0
36345,0
36347,0
36348,0
36349,0
36353,0
36355,0
36362,0
36364,0
36367,0
36368,0
36369,0
36371,0
36372,0
36378,0
36381,0
36382,0
36383,0
36384,0
36386,0
36389,0
36390,0
36391,0
36392,0
36397,0
36405,0
36406,0
36407,0
36408,0
36416,0
36417,0
37125,91
40003,0
40006,0
40007,0
40009,0
40011,0
40012,0
40014,0
40015,0
40018,0
40019,0
40020,0
40021,0
40022,90
40025,0
40026,0
40027,0
40043,0
40045,0
40052,0
40059,0
40061,0
40062,0
40063,0
40064,0
40203,0
40205,0
40207,0
40212,0
40213,0
40215,0
40216,0
40217,0
40218,0
40219,0
40221,0
40223,0
40225,0
40227,0
40228,0
40229,0
40230,0
40232,0
40233,0
40235,0
40236,0
40237,0
40239,0
40244,0
40245,0
40246,0
40247,0
40249,0
40250,0
40252,0
40255,0
40256,0
40257,0
40259,0
40261,0
40267,0
40269,0
40270,0
40276,0
40279,0
40280,92
40288,0
40289,0
40298,0
40299,0
40308,0
40309,0
40317,0
40318,92
40319,0
40321,0
40322,0
40337,0
40339,0
40340,0
40344,90
40345,0
40346,0
40347,91
40348,90
40350,91
40351,90
100032,0
100033,0
100034,0
100035,0
100036,0
100037,0
100038,0
100039,0
100040,0
100041,0
100056,92
100057,0
100062,0
100063,92
100064,0
100065,0
100066,0
100093,0
100094,0
100095,0
100107,92
100108,0
100109,0
100110,0
100121,0
100124,92
100125,0
100127,0
100135,0
100136,0
100137,0
100138,0
100151,0
100152,0
100153,0
100154,0
100155,0
100156,0
100157,0
100158,0
100159,0
100185,0
100186,92
100187,0
100190,0
100191,92
100192,0
100193,0
100200,0
100201,0
100202,0
100203,0
100214,92
100215,0
100216,0
100217,92
100220,0
100221,0
100222,0
100223,0
100224,0
100240,0
100241,92
100242,0
100245,0
100246,92
100247,0
100249,0
100259,0
100261,0
100266,0
100267,0
100269,0
100271,0
100274,0
100276,0
100277,0
100278,0
100279,0
100280,0
100281,0
100282,92
100283,0
100286,92
100287,0
100290,90
100291,91
100292,91
100293,90
100295,91
100296,90
100299,90
100300,91
100301,91
100302,90
100303,0
100304,91
100305,90
100306,90
100307,91
100308,0
100311,91
100312,90
100313,91
100314,90
100320,91
100321,90
100324,0
100326,0
100328,0
100329,0
100330,92
100334,0
100335,92
100336,91
100337,90
100338,0
100339,91
100340,0
100341,92
100342,0
100343,90
100344,92
100345,0
100346,90
100347,91
100348,91
100349,90
100352,0
100353,0
100354,0
100355,0
100356,0
100357,0
100358,0
100359,0
100360,0
100361,0
100362,0
100363,0
100364,0
100365,0
100366,0
100369,0
100370,0
100371,0
100372,0
100373,0
100374,92
100375,91
100376,0
100377,0
100378,90
100379,91
100380,92
100381,90
100382,0
100383,0
100384,0
100385,0
100386,0
100387,0
100388,0
100389,0
100390,0
100391,0
100392,0
100393,0
100394,0
100395,0
100396,0
100397,0
100398,0
100399,0
100400,0
100401,0
100403,0
100404,0
100405,0
100406,0
100407,0
100408,0
100409,0
100410,0
100411,0
100412,0
100413,0
100414,0
100415,0
100416,0
100417,0
100418,0
100419,0
100420,0
100421,91
100422,0
100423,0
100424,90
100425,0
100426,0
100427,91
100428,92
100430,92
100431,91
100432,90
100433,0
100434,90
100435,0
100436,92
100437,91
100438,0
100440,0
100441,0
100442,0
100443,92
100444,0
100445,0
100446,0
100447,0
100448,0
100449,0
100450,0
100451,0
100452,0
100453,0
100454,0
100455,0
100456,0
100457,0
100458,0
100459,0
100460,0
100461,0
100462,0
100463,0
100464,0
100465,0
100466,92
100467,0
100468,0
100469,0
100470,0
100471,0
100472,0
100473,92
100474,0
100475,0
100476,0
100477,0
100478,0
100479,0
100480,0
100481,0
100482,0
100483,0
100484,0
100485,0
100486,0
100487,0
100488,0
100489,0
100490,92
100491,0
100492,0
100493,0
100494,0
100495,0
100496,92
100497,0
100498,0
100499,0
100500,0
100501,0
100502,0
100503,0
100504,0
100505,0
100506,0
100507,0
100508,0
100509,0
100510,0
100511,0
100512,0
100513,0
100514,0
100515,0
100516,0
100517,0
100518,0
100519,0
100520,0
100521,0
100522,0
100523,0
100524,0
100525,0
100526,90
100527,91
100528,90
100529,91
100530,91
100531,90
100532,90
100533,0
100534,0
100535,91
100536,90
100537,0
100538,92
100539,91
100540,0
100541,0
100542,0
100543,0
100544,90
100545,0
100546,0
100547,0
100548,0
100549,0
100550,0
100551,0
100552,0
100553,0
100555,0
100556,0
100557,0
100558,0
100559,0
100560,0
100561,0
100562,0
100563,0
100564,0
100565,0
100566,0
100567,0
100568,0
100569,0
100570,0
100571,0
100572,0
100573,0
100574,0
100575,0
100576,0
100577,0
100578,0
100579,0
100580,0
100581,0
100582,0
100583,0
100584,0
100585,0
100586,0
100587,90
100588,92
100589,91
100590,0
100591,90
100592,0
100593,0
100594,0
100595,0
100596,0
100597,0
100598,0
100599,0
100600,0
100601,0
100602,0
100603,0
100604,0
100605,0
100606,0
100607,0
100608,0
100609,0
100610,0
100611,0
100612,0
100613,0
100614,0
100615,0
100616,0
100617,0
100618,0
100619,0
100620,0
100621,0
100622,0
100623,90
100624,0
100625,0
100626,0
100627,91
100628,0
100629,0
100630,0
100631,92
100632,0
100633,0
100634,0
100635,0
100636,0
100637,0
100638,0
100639,0
100640,0
100641,0
100642,0
100643,0
100644,0
100645,0
100646,0
100647,0
100648,0
100649,0
100650,0
100651,0
100652,0
100653,0
100654,0
100655,0
100656,0
100657,0
100658,0
100659,0
100660,0
100661,0
100662,0
100663,0
100664,0
100665,0
100666,0
100667,0
100668,0
100669,0
100670,0
100671,0
100672,0
100673,0
100674,0
100675,0
100676,0
100677,0
100678,0
100679,0
100680,0
100681,0
100682,0
100683,0
100684,0
100685,0
100686,0
100687,0
100688,0
100689,0
100690,0
100691,0
100692,0
100693,0
100694,0
100695,0
100696,0
100697,0
100698,0
100699,0
100700,0
100701,0
100702,0
100703,0
100704,0
100705,0
100706,0
100707,90
100708,0
100709,90
100710,0
100711,0
100712,0
100713,0
100714,0
100715,0
100716,0
100717,92
100718,92
100719,0
100720,0
100721,0
100722,0
100729,0
100730,0
100731,91
100732,0
100733,90
100734,0
